name,datetime,tempmax,tempmin,temp,feelslikemax,feelslikemin,feelslike,dew,humidity,precip,precipprob,precipcover,preciptype,snow,snowdepth,windgust,windspeed,winddir,sealevelpressure,cloudcover,visibility,solarradiation,solarenergy,uvindex,severerisk,sunrise,sunset,moonphase,conditions,description,icon,stations
Papua New Guinea,2023-01-01,32,24,27.8,36.8,24,29.4,22.3,73.5,0,0,0,rain,0,0,46.4,42.5,333.4,1008.8,73,12.2,57,5,2,10,2023-01-01T05:54:32,2023-01-01T18:34:23,0.3,Partially cloudy,Partly cloudy throughout the day.,partly-cloudy-day,"92035099999,AYPY"
Papua New Guinea,2023-01-02,34,23,28.5,38.3,23,30.1,21.6,68.4,0,0,0,,0,0,37.1,27.7,311.8,1008.1,59,13.5,292.4,25.1,10,10,2023-01-02T05:55:04,2023-01-02T18:34:47,0.33,Partially cloudy,Partly cloudy throughout the day.,partly-cloudy-day,"92035099999,remote,AYPY"
Papua New Guinea,2023-01-03,34,22,28.8,39.4,22,31.3,22.4,70.4,0,0,0,,0,0,27.7,27.7,290.2,1006.7,47.2,14.4,311.3,26.9,10,30,2023-01-03T05:55:36,2023-01-03T18:35:10,0.37,Partially cloudy,Partly cloudy throughout the day.,partly-cloudy-day,"92035099999,remote,AYPY"
Papua New Guinea,2023-01-04,29,25,27,34.1,25,29.2,23.7,82.6,0.2,100,4.17,rain,0,0,37.1,27.7,326.4,1006.9,85.8,12.3,306.3,26.5,10,30,2023-01-04T05:56:09,2023-01-04T18:35:33,0.4,"Rain, Partially cloudy",Partly cloudy throughout the day with early morning rain.,rain,"92035099999,remote,AYPY"
Papua New Guinea,2023-01-05,34,23,28.3,38.1,23,30.5,22.8,74.6,2,100,4.17,rain,0,0,37.1,18.4,305.6,1006.3,43.9,12.9,303.6,26.3,10,30,2023-01-05T05:56:41,2023-01-05T18:35:55,0.44,"Rain, Partially cloudy",Partly cloudy throughout the day with morning rain.,rain,"92035099999,AYPY"
Papua New Guinea,2023-01-06,33,24,28.3,37.1,24,30.7,23.1,75.4,0.2,100,8.33,rain,0,0,46.4,37.1,329.2,1006.8,61.5,12.6,293.8,25.6,10,30,2023-01-06T05:57:13,2023-01-06T18:36:16,0.47,"Rain, Partially cloudy",Partly cloudy throughout the day with rain clearing later.,rain,"92035099999,remote,AYPY"
Papua New Guinea,2023-01-07,32.7,23,27.3,36.8,23,29.2,22.6,77.4,17,100,4.17,rain,0,0,55.4,37.1,323.6,1008.1,72.1,13.2,58.5,5.1,2,10,2023-01-07T05:57:45,2023-01-07T18:36:36,0.5,"Rain, Partially cloudy",Partly cloudy throughout the day with early morning rain.,rain,"92035099999,remote,AYPY"
Papua New Guinea,2023-01-08,34,24.8,28.6,40.6,24.8,31.6,23.6,75.9,0,0,0,rain,0,0,16.9,27.7,288.5,1008.7,77.2,14.3,285.3,24.6,10,30,2023-01-08T05:58:17,2023-01-08T18:36:56,0.54,Partially cloudy,Partly cloudy throughout the day.,partly-cloudy-day,"92035099999,remote,AYPY"
Papua New Guinea,2023-01-09,33,24,28.2,38.1,24,30.5,23,75.2,0,0,0,,0,0,9.7,18.4,258.1,1009.6,62.8,13.9,277,23.9,9,10,2023-01-09T05:58:49,2023-01-09T18:37:14,0.57,Partially cloudy,Partly cloudy throughout the day.,partly-cloudy-day,"92035099999,remote,AYPY"
Papua New Guinea,2023-01-10,30,24,26.3,36.3,24,28,23.6,85.9,15,100,4.17,rain,0,0,14.4,18.4,329.9,1009.3,77.3,14.4,293.5,25.3,10,10,2023-01-10T05:59:21,2023-01-10T18:37:32,0.6,"Rain, Partially cloudy",Partly cloudy throughout the day with morning rain.,rain,"92035099999,remote,AYPY"
Papua New Guinea,2023-01-11,32,24,27.5,38,24,30,23.8,81.5,0,0,0,rain,0,0,27.7,27.7,309.1,1008.5,61.1,13.2,268.7,23.2,10,10,2023-01-11T05:59:52,2023-01-11T18:37:49,0.64,Partially cloudy,Partly cloudy throughout the day.,partly-cloudy-day,"92035099999,remote,AYPY"
Papua New Guinea,2023-01-12,31,24,26.3,39.2,24,27.9,24.1,88.6,15.8,100,8.33,rain,0,0,27.7,27.7,305.1,1008.6,70.9,13,288.6,25,10,30,2023-01-12T06:00:23,2023-01-12T18:38:05,0.67,"Rain, Partially cloudy",Partly cloudy throughout the day with rain.,rain,"92035099999,remote,AYPY"
Papua New Guinea,2023-01-13,30,23,25.8,37.5,23,27.3,24.1,90.6,105,100,8.33,rain,0,0,37.1,27.7,332.2,1008.3,64.8,10.6,308.3,26.7,10,30,2023-01-13T06:00:54,2023-01-13T18:38:20,0.71,"Rain, Partially cloudy",Partly cloudy throughout the day with rain.,rain,"92035099999,AYPY"
Papua New Guinea,2023-01-14,32,24,27.3,39.3,24,30.1,23.8,82.1,5,100,4.17,rain,0,0,20.5,27.7,311.5,1006.8,68.6,14.7,278.5,23.9,10,30,2023-01-14T06:01:25,2023-01-14T18:38:35,0.74,"Rain, Partially cloudy",Partly cloudy throughout the day with morning rain.,rain,"92035099999,remote,AYPY"
Papua New Guinea,2023-01-15,32,24.7,27.7,38,24.7,30.3,24,81.3,2.6,100,8.33,rain,0,0,18.4,18.4,139.4,1006.5,68.1,12.7,299.9,25.9,10,30,2023-01-15T06:01:55,2023-01-15T18:38:48,0.75,"Rain, Partially cloudy",Partly cloudy throughout the day with early morning rain.,rain,"92035099999,remote,AYPY"
Papua New Guinea,2023-01-16,29,23,25.3,34.6,23,26.2,23.8,91.5,13,100,4.17,rain,0,0,22.7,27.7,335.7,1009.6,84,11.7,163.8,14.1,9,30,2023-01-16T06:02:25,2023-01-16T18:39:00,0.81,"Rain, Partially cloudy",Partly cloudy throughout the day with late afternoon rain.,rain,"92035099999,remote,AYPY"
Papua New Guinea,2023-01-17,33,22,27.1,39.3,22,29.1,22.8,79.6,0.2,100,4.17,rain,0,0,27.7,29.5,314.8,1009.1,35.3,11.9,321,27.6,10,30,2023-01-17T06:02:54,2023-01-17T18:39:12,0.84,"Rain, Partially cloudy",Partly cloudy throughout the day with early morning rain.,rain,"92035099999,AYPY"
Papua New Guinea,2023-01-18,34,22,27.8,43.6,22,30.9,23.3,78.1,0.5,100,4.17,rain,0,0,42.5,20.1,319.2,1006.4,48.9,13.5,323.4,27.9,10,30,2023-01-18T06:03:23,2023-01-18T18:39:22,0.87,"Rain, Partially cloudy",Partly cloudy throughout the day with late afternoon rain.,rain,"92035099999,remote,AYPY"
Papua New Guinea,2023-01-19,31,23,26.1,36.6,23,27.4,23.5,86.6,4,100,8.33,rain,0,0,55.4,37.1,320.7,1005.4,65.7,13,219.9,19.1,10,30,2023-01-19T06:03:52,2023-01-19T18:39:31,0.91,"Rain, Partially cloudy",Partly cloudy throughout the day with rain.,rain,"92035099999,remote,AYPY"
Papua New Guinea,2023-01-20,32,23,26.7,36.8,23,28.3,22.7,80,9,100,4.17,rain,0,0,46.4,203.8,331.1,1005.8,67,13.4,134.5,11.5,8,30,2023-01-20T06:04:20,2023-01-20T18:39:40,0.94,"Rain, Partially cloudy",Partly cloudy throughout the day with early morning rain.,rain,"92035099999,remote,AYPY"
Papua New Guinea,2023-01-21,39,24,27.3,45.7,24,29,23.3,81,3,100,4.17,rain,0,0,27.7,27.7,315.6,1006.4,65.5,12.7,176.9,15.5,7,10,2023-01-21T06:04:48,2023-01-21T18:39:47,0.97,"Rain, Partially cloudy",Partly cloudy throughout the day with morning rain.,rain,"92035099999,AYPY"
Papua New Guinea,2023-01-22,31,23,27.4,37.8,23,30.2,23.5,80.8,0,0,0,rain,0,0,37.1,22.3,139,1005.3,54.4,14,304.4,26.2,10,30,2023-01-22T06:05:15,2023-01-22T18:39:54,0,Partially cloudy,Partly cloudy throughout the day.,partly-cloudy-day,"92035099999,remote,AYPY"
Papua New Guinea,2023-01-23,32,24,27.6,39.3,24,30.4,24.3,83.5,1,100,4.17,rain,0,0,18.7,22.3,209.8,1005.1,63.4,13.2,294.2,25.5,10,15,2023-01-23T06:05:42,2023-01-23T18:39:59,0.04,"Rain, Partially cloudy",Partly cloudy throughout the day with late afternoon rain.,rain,"92035099999,remote,AYPY"
Papua New Guinea,2023-01-24,32,24,27.2,40.7,24,30.1,24.7,86.8,1.8,100,8.33,rain,0,0,27.7,18.4,261.8,1005.6,51.4,13.4,297,25.5,10,30,2023-01-24T06:06:08,2023-01-24T18:40:03,0.07,"Rain, Partially cloudy",Partly cloudy throughout the day with rain.,rain,"92035099999,remote,AYPY"
Papua New Guinea,2023-01-25,32,24,26,40.7,24,28.3,24.4,91.3,93,100,8.33,rain,0,0,11.9,27.7,308.5,1006.2,59.7,10.6,265.7,23.1,10,30,2023-01-25T06:06:34,2023-01-25T18:40:07,0.11,"Rain, Partially cloudy",Partly cloudy throughout the day with rain.,rain,"92035099999,AYPY"
Papua New Guinea,2023-01-26,30,24,25.5,35.2,24,26.5,23.9,91.6,15.2,100,12.5,rain,0,0,9.7,18.4,160.2,1006.2,75.2,12.6,175.1,15,8,10,2023-01-26T06:06:59,2023-01-26T18:40:09,0.14,"Rain, Partially cloudy",Partly cloudy throughout the day with rain.,rain,"92035099999,remote,AYPY"
Papua New Guinea,2023-01-27,32,23,27.2,39.3,23,30,23.7,82.4,0,0,0,rain,0,0,18.4,18.4,219.5,1004.5,48.1,14.7,313.7,27.2,10,30,2023-01-27T06:07:24,2023-01-27T18:40:10,0.17,Partially cloudy,Partly cloudy throughout the day.,partly-cloudy-day,"92035099999,remote,AYPY"
Papua New Guinea,2023-01-28,32,25,27.9,39.6,25,31.1,24.4,82.3,0.7,100,4.17,rain,0,0,13.7,37.1,288.6,1004.8,61.5,15.5,291.8,25.2,10,30,2023-01-28T06:07:48,2023-01-28T18:40:11,0.21,"Rain, Partially cloudy",Partly cloudy throughout the day with late afternoon rain.,rain,"92035099999,remote,AYPY"
Papua New Guinea,2023-01-29,32,20.9,27,39.2,20.9,29.6,24.7,86.6,8,100,4.17,rain,0,0,27.7,18.4,273.1,1006.5,69.9,14,307.9,26.7,10,30,2023-01-29T06:08:11,2023-01-29T18:40:10,0.25,"Rain, Partially cloudy",Partly cloudy throughout the day with morning rain.,rain,"92035099999,remote,AYPY"
Papua New Guinea,2023-01-30,33,24,27.6,42.4,24,31.1,24.9,86.2,0,0,0,rain,0,0,27.7,27.7,304.4,1006.7,59,12.2,316,27.3,10,60,2023-01-30T06:08:34,2023-01-30T18:40:08,0.28,Partially cloudy,Partly cloudy throughout the day.,partly-cloudy-day,"92035099999,AYPY"
Papua New Guinea,2023-01-31,33,24,27.3,43.9,24,30.1,24,83.3,33,100,4.17,rain,0,0,27.7,18.4,311.7,1006.3,61,16.9,304.1,26.3,10,30,2023-01-31T06:08:56,2023-01-31T18:40:05,0.31,"Rain, Partially cloudy",Partly cloudy throughout the day with early morning rain.,rain,"92035099999,remote,AYPY"
Papua New Guinea,2023-02-01,32,24,27,40.7,24,29.3,24.2,85.6,4,100,8.33,rain,0,0,18.4,27.7,315.9,1006.6,66.5,14.1,282.1,24.5,10,30,2023-02-01T06:09:17,2023-02-01T18:40:02,0.34,"Rain, Partially cloudy",Partly cloudy throughout the day with rain.,rain,"92035099999,remote,AYPY"
Papua New Guinea,2023-02-02,32,23.7,27,40.7,23.7,29.4,24,84.7,2.1,100,4.17,rain,0,0,38.2,27.7,309,1005.6,64.3,13.1,250.2,21.5,10,30,2023-02-02T06:09:38,2023-02-02T18:39:57,0.38,"Rain, Partially cloudy",Partly cloudy throughout the day with afternoon rain.,rain,"92035099999,remote,AYPY"
Papua New Guinea,2023-02-03,33,24,27.4,38.1,24,29.6,23.9,82.4,3,100,4.17,rain,0,0,55.4,37.1,315.5,1004.8,64.2,14.3,292.6,25.3,10,30,2023-02-03T06:09:58,2023-02-03T18:39:51,0.41,"Rain, Partially cloudy",Partly cloudy throughout the day with morning rain.,rain,"92035099999,remote,AYPY"
Papua New Guinea,2023-02-04,31,24,26.6,37.4,24,28.5,24.1,86.9,9.2,100,8.33,rain,0,0,39.6,27.7,336.9,1005.7,77.8,13.3,116.7,10,4,10,2023-02-04T06:10:18,2023-02-04T18:39:44,0.44,"Rain, Partially cloudy",Partly cloudy throughout the day with rain in the morning and afternoon.,rain,"92035099999,remote,AYPY"
Papua New Guinea,2023-02-05,31,24.9,27.4,36.6,24.9,29.6,23.5,80.1,9.8,100,4.17,rain,0,0,37.1,37.1,324.9,1006.3,69.8,15,259,22.3,10,30,2023-02-05T06:10:37,2023-02-05T18:39:37,0.48,"Rain, Partially cloudy",Partly cloudy throughout the day with morning rain.,rain,"92035099999,remote,AYPY"
Papua New Guinea,2023-02-06,31,24,26.7,39.2,24,28.8,24.1,86.4,22,100,4.17,rain,0,0,37.1,24.9,321.5,1006.6,68.6,12.2,267.8,23.3,9,10,2023-02-06T06:10:55,2023-02-06T18:39:28,0.5,"Rain, Partially cloudy",Partly cloudy throughout the day with afternoon rain.,rain,"92035099999,remote,AYPY"
Papua New Guinea,2023-02-07,27,24,24.9,29.9,24,25.1,23.7,93,10.2,100,8.33,rain,0,0,52.2,27.7,324,1005.9,85.4,10.5,194.6,16.8,9,10,2023-02-07T06:11:13,2023-02-07T18:39:18,0.55,"Rain, Partially cloudy",Partly cloudy throughout the day with rain.,rain,"92035099999,remote,AYPY"
Papua New Guinea,2023-02-08,27,23.8,24.7,30.1,23.8,24.9,23.5,93.6,64,100,12.5,rain,0,0,42.1,27.7,325.8,1004.8,90.7,10.8,25.1,2.1,1,10,2023-02-08T06:11:30,2023-02-08T18:39:08,0.58,"Rain, Overcast",Cloudy skies throughout the day with rain.,rain,"92035099999,remote,AYPY"
Papua New Guinea,2023-02-09,31,23,26.5,37.8,23,28.5,23.6,85,0.5,100,4.17,rain,0,0,37.1,37.1,324.8,1003.7,66.5,12.5,71,6.3,3,10,2023-02-09T06:11:46,2023-02-09T18:38:56,0.61,"Rain, Partially cloudy",Partly cloudy throughout the day with morning rain.,rain,"92035099999,AYPY"
Papua New Guinea,2023-02-10,31.2,24,27,36.6,24,28.6,23.2,81.4,3,100,4.17,rain,0,0,46.4,37.1,323.3,1005.2,82.3,12.7,107.6,9.3,6,10,2023-02-10T06:12:02,2023-02-10T18:38:43,0.65,"Rain, Partially cloudy",Partly cloudy throughout the day with early morning rain.,rain,"92035099999,remote,AYPY"
Papua New Guinea,2023-02-11,33,24,27.7,37.1,24,29.4,22.9,77.4,0,0,0,rain,0,0,46.4,91.2,323.3,1006.2,78.7,13.9,150.9,13,8,10,2023-02-11T06:12:17,2023-02-11T18:38:30,0.68,Partially cloudy,Partly cloudy throughout the day.,wind,"92035099999,remote,AYPY"
Papua New Guinea,2023-02-12,35,23,28.3,39.4,23,29.8,21.7,70.3,8,100,4.17,rain,0,0,46.4,37.1,327.4,1006.2,82.8,15.8,272,23.6,10,15,2023-02-12T06:12:31,2023-02-12T18:38:16,0.72,"Rain, Partially cloudy",Partly cloudy throughout the day with early morning rain.,rain,"92035099999,remote,AYPY"
Papua New Guinea,2023-02-13,33.7,24,27.7,39.3,24,30.4,23,76.5,0.1,100,4.17,rain,0,0,20.5,20.5,315.1,1005.5,59.6,15.5,266.8,22.9,10,30,2023-02-13T06:12:45,2023-02-13T18:38:01,0.75,"Rain, Partially cloudy",Partly cloudy throughout the day with late afternoon rain.,rain,"92035099999,remote,AYPY"
Papua New Guinea,2023-02-14,36.5,24,28.6,43.3,24,31.4,23.2,74.2,0,0,0,rain,0,0,18.4,27.7,323.7,1005.2,64,13.6,316.5,27.4,10,10,2023-02-14T06:12:58,2023-02-14T18:37:45,0.75,Partially cloudy,Partly cloudy throughout the day.,partly-cloudy-day,"92035099999,remote,AYPY"
Papua New Guinea,2023-02-15,35,24,28.8,43.4,24,32.3,23.6,75.1,0.4,100,4.17,rain,0,0,37.1,18.4,333.4,1005.9,61.2,12.3,291,25.4,10,30,2023-02-15T06:13:10,2023-02-15T18:37:28,0.82,"Rain, Partially cloudy",Partly cloudy throughout the day with afternoon rain.,rain,"92035099999,remote,AYPY"
Papua New Guinea,2023-02-16,32,25,28,39.3,25,31,24,79.7,0,0,0,rain,0,0,20.5,30.2,319.6,1008.1,82,13.9,237.8,20.6,9,30,2023-02-16T06:13:22,2023-02-16T18:37:10,0.85,Partially cloudy,Partly cloudy throughout the day.,partly-cloudy-day,"92035099999,remote,AYPY"
Papua New Guinea,2023-02-17,34,24,27.9,39.4,24,30.6,23.7,79.3,0,0,0,rain,0,0,37.1,27.7,215.5,1008.5,70.7,13.8,296.2,25.6,10,10,2023-02-17T06:13:33,2023-02-17T18:36:51,0.89,Partially cloudy,Partly cloudy throughout the day.,partly-cloudy-day,"92035099999,remote,AYPY"
Papua New Guinea,2023-02-18,32,24,28.1,39.3,24,31.5,24.2,80.6,0.1,100,4.17,rain,0,0,37.1,27.7,197.8,1008.3,61.9,14.6,304.9,26.5,10,30,2023-02-18T06:13:43,2023-02-18T18:36:32,0.92,"Rain, Partially cloudy",Partly cloudy throughout the day with early morning rain.,rain,"92035099999,remote,AYPY"
Papua New Guinea,2023-02-19,33,24,28.4,42.2,24,32,24.2,79.2,1.2,100,8.33,rain,0,0,46.4,27.7,137.7,1007.3,53.9,16.4,296.6,25.6,10,60,2023-02-19T06:13:53,2023-02-19T18:36:12,0.96,"Rain, Partially cloudy",Partly cloudy throughout the day with late afternoon rain.,rain,"92035099999,remote,AYPY"
Papua New Guinea,2023-02-20,32,24,27.1,40.7,24,30,24.4,86,58,100,4.17,rain,0,0,37.1,27.7,275.8,1008,64.5,12.1,297.7,25.6,10,60,2023-02-20T06:14:02,2023-02-20T18:35:51,0,"Rain, Partially cloudy",Partly cloudy throughout the day with late afternoon rain.,rain,"92035099999,remote,AYPY"
Papua New Guinea,2023-02-21,31.3,24,26.8,37.9,24,29.4,24.5,88.1,3,100,4.17,rain,0,0,37.1,27.7,301.7,1008.6,69.7,11.9,303.5,26.1,10,30,2023-02-21T06:14:11,2023-02-21T18:35:29,0.03,"Rain, Partially cloudy",Partly cloudy throughout the day with late afternoon rain.,rain,"92035099999,AYPY"
Papua New Guinea,2023-02-22,31,24,26.5,37.8,24,28.4,23.5,84.5,4.4,100,8.33,rain,0,0,37.1,27.7,320.3,1007.9,71.3,13.4,313.7,27,10,10,2023-02-22T06:14:19,2023-02-22T18:35:07,0.06,"Rain, Partially cloudy",Partly cloudy throughout the day with rain.,rain,"92035099999,remote,AYPY"
Papua New Guinea,2023-02-23,31,23,26.6,36.6,23,28.3,23.1,82,0,0,0,rain,0,0,46.4,27.7,325.7,1006.7,71.9,15.6,234.9,20.3,9,10,2023-02-23T06:14:27,2023-02-23T18:34:44,0.09,Partially cloudy,Partly cloudy throughout the day.,partly-cloudy-day,"92035099999,remote,AYPY"
Papua New Guinea,2023-02-24,32,23,26.6,38,23,28.6,23.6,84.8,0.1,100,4.17,rain,0,0,46.4,27.7,313.9,1007.7,63.1,11.9,200.7,17.3,9,30,2023-02-24T06:14:34,2023-02-24T18:34:20,0.12,"Rain, Partially cloudy",Partly cloudy throughout the day with early morning rain.,rain,"92035099999,remote,AYPY"
Papua New Guinea,2023-02-25,32,23,27.4,38,23,29.8,23.3,79.6,0,0,0,rain,0,0,25.2,27.7,314.7,1007.7,67.2,12.3,235.8,20.4,9,30,2023-02-25T06:14:40,2023-02-25T18:33:56,0.16,Partially cloudy,Partly cloudy throughout the day.,partly-cloudy-day,"92035099999,AYPY"
Papua New Guinea,2023-02-26,31.4,24.6,27.3,37.5,24.6,29.5,23.9,82.5,0.4,100,4.17,rain,0,0,27.7,18.4,321.5,1008.7,68.1,13.7,299.7,25.9,10,30,2023-02-26T06:14:46,2023-02-26T18:33:31,0.19,"Rain, Partially cloudy",Partly cloudy throughout the day with early morning rain.,rain,"92035099999,remote,AYPY"
Papua New Guinea,2023-02-27,34,23,27.7,39.4,23,29.9,23.5,79.7,1.2,100,8.33,rain,0,0,37.1,27.7,320.8,1009.4,68.4,13.2,136.5,11.7,8,30,2023-02-27T06:14:51,2023-02-27T18:33:05,0.25,"Rain, Partially cloudy",Partly cloudy throughout the day with rain.,rain,"92035099999,remote,AYPY"
Papua New Guinea,2023-02-28,31,23,25.1,37.8,23,25.9,22.9,88.6,12,100,8.33,rain,0,0,38.2,27.7,331.1,1009.8,83.8,11.7,73.5,6.2,3,10,2023-02-28T06:14:56,2023-02-28T18:32:39,0.26,"Rain, Partially cloudy",Partly cloudy throughout the day with rain.,rain,"92035099999,remote,AYPY"
Papua New Guinea,2023-03-01,33,23,27.2,38.1,23,29.4,22.8,78.6,0.5,100,4.17,rain,0,0,37.1,37.1,315.5,1007.9,78.2,14.5,110.7,9.5,8,10,2023-03-01T06:15:00,2023-03-01T18:32:12,0.29,"Rain, Partially cloudy",Partly cloudy throughout the day with early morning rain.,rain,"92035099999,remote,AYPY"
Papua New Guinea,2023-03-02,30,24,25.3,36.3,24,26.1,23.9,92.3,15,100,8.33,rain,0,0,55.4,37.1,333.2,1009.1,89.4,10.7,74.1,6.3,5,10,2023-03-02T06:15:04,2023-03-02T18:31:44,0.32,"Rain, Partially cloudy",Partly cloudy throughout the day with rain.,rain,"92035099999,remote,AYPY"
Papua New Guinea,2023-03-03,27,23,24.3,30,23,24.6,23,92.5,195,100,8.33,rain,0,0,53.3,37.1,337.1,1010.8,95.1,10.3,13.5,1.3,1,10,2023-03-03T06:15:08,2023-03-03T18:31:16,0.35,"Rain, Overcast",Cloudy skies throughout the day with rain.,rain,"92035099999,remote,AYPY"
Papua New Guinea,2023-03-04,32,22,26.5,37.8,22,28.1,22.1,78.4,0.6,100,4.17,rain,0,0,50.8,27.7,334.8,1009.3,85.1,12.9,42.2,3.7,2,10,2023-03-04T06:15:11,2023-03-04T18:30:48,0.39,"Rain, Partially cloudy",Partly cloudy throughout the day with early morning rain.,rain,"92035099999,remote,AYPY"
Papua New Guinea,2023-03-05,33.1,22,27.2,39.3,22,29.2,22.5,77.8,2,100,4.17,rain,0,0,37.1,27.7,328.5,1008.2,71.9,14.1,219.5,18.8,8,30,2023-03-05T06:15:13,2023-03-05T18:30:19,0.42,"Rain, Partially cloudy",Partly cloudy throughout the day with early morning rain.,rain,"92035099999,remote,AYPY"
Papua New Guinea,2023-03-06,35,23.9,28.4,40.7,23.9,30.4,22.1,70.5,0.2,100,4.17,rain,0,0,46.4,37.1,320.7,1009.1,43.2,12.9,293,25.3,10,30,2023-03-06T06:15:16,2023-03-06T18:29:50,0.45,"Rain, Partially cloudy",Partly cloudy throughout the day with early morning rain.,rain,"92035099999,AYPY"
Papua New Guinea,2023-03-07,36,24,28.7,38.9,24,30.3,22.1,70.3,0,0,0,,0,0,46.4,27.7,324.5,1009.6,52.9,13.6,316,27.2,10,30,2023-03-07T06:15:17,2023-03-07T18:29:20,0.5,Partially cloudy,Partly cloudy throughout the day.,partly-cloudy-day,"92035099999,remote,AYPY"
Papua New Guinea,2023-03-08,35,23,28.6,39.6,23,30.3,21.6,68.5,0.3,100,4.17,rain,0,0,46.4,37.1,309.8,1008.7,52.2,15.1,301.4,25.9,10,60,2023-03-08T06:15:19,2023-03-08T18:28:50,0.52,"Rain, Partially cloudy",Partly cloudy throughout the day with afternoon rain.,rain,"92035099999,remote,AYPY"
Papua New Guinea,2023-03-09,33,25,27.9,38.2,25,30.3,23.1,75.9,4,100,4.17,rain,0,0,55.4,27.7,319.4,1009.3,65.6,13.6,305.8,26.3,10,60,2023-03-09T06:15:20,2023-03-09T18:28:19,0.55,"Rain, Partially cloudy",Partly cloudy throughout the day with afternoon rain.,rain,"92035099999,remote,AYPY"
Papua New Guinea,2023-03-10,33,24,27.5,39.4,24,29.6,23.2,78.5,1.4,100,8.33,rain,0,0,11.9,27.7,318.4,1009,64.1,14.2,278.5,24.1,10,30,2023-03-10T06:15:20,2023-03-10T18:27:48,0.59,"Rain, Partially cloudy",Partly cloudy throughout the day with rain.,rain,"92035099999,remote,AYPY"
Papua New Guinea,2023-03-11,34,23,28,42,23,30.7,23.3,77.1,0.1,100,4.17,rain,0,0,27.7,18.4,137.6,1009.2,53.9,14.6,240.3,20.8,10,30,2023-03-11T06:15:21,2023-03-11T18:27:17,0.63,"Rain, Partially cloudy",Partly cloudy throughout the day with late afternoon rain.,rain,"92035099999,remote,AYPY"
Papua New Guinea,2023-03-12,33,23.8,28,39.3,23.8,30.8,23.4,77.3,4.4,100,12.5,rain,0,0,27.7,22.3,177.4,1008.9,60.4,13.2,282.6,24.4,10,30,2023-03-12T06:15:21,2023-03-12T18:26:45,0.66,"Rain, Partially cloudy",Partly cloudy throughout the day with early morning rain.,rain,"92035099999,remote,AYPY"
Papua New Guinea,2023-03-13,33,24,28.1,38.1,24,31.1,23.7,78.1,0,0,0,rain,0,0,27.7,27.7,190.5,1008.1,45.9,12,314.8,27.1,10,30,2023-03-13T06:15:21,2023-03-13T18:26:13,0.7,Partially cloudy,Partly cloudy throughout the day.,partly-cloudy-day,"92035099999,remote,AYPY"
Papua New Guinea,2023-03-14,34,23.9,27.2,40.7,23.9,29.2,23.4,80.8,26,100,4.17,rain,0,0,37.1,27.7,142.4,1008.2,70.7,14.9,290.7,25.1,10,30,2023-03-14T06:15:20,2023-03-14T18:25:41,0.73,"Rain, Partially cloudy",Partly cloudy throughout the day with late afternoon rain.,rain,"92035099999,remote,AYPY"
Papua New Guinea,2023-03-15,31,23.9,27,36.6,23.9,29.6,23.8,83.1,1.5,100,4.17,rain,0,0,20.9,22.3,277.4,1009.2,63.6,14,273.4,23.6,9,30,2023-03-15T06:15:19,2023-03-15T18:25:08,0.75,"Rain, Partially cloudy",Partly cloudy throughout the day with late afternoon rain.,rain,"92035099999,remote,AYPY"
Papua New Guinea,2023-03-16,32,24,27.8,39.3,24,30.5,24.4,82.9,4,100,4.17,rain,0,0,27.7,27.7,205.4,1009,59.2,11.7,286.1,24.6,10,30,2023-03-16T06:15:18,2023-03-16T18:24:35,0.8,"Rain, Partially cloudy",Partly cloudy throughout the day with late afternoon rain.,rain,"92035099999,remote,AYPY"
Papua New Guinea,2023-03-17,29.2,23.9,25.5,33.6,23.9,26.5,23.6,90.1,14,100,8.33,rain,0,0,27.7,18.4,326.8,1009.6,87.6,11.7,199.4,17.2,8,10,2023-03-17T06:15:17,2023-03-17T18:24:02,0.84,"Rain, Partially cloudy",Partly cloudy throughout the day with rain.,rain,"92035099999,remote,AYPY"
Papua New Guinea,2023-03-18,32,23,26.3,37.9,23,28,23.5,85.8,0.2,100,4.17,rain,0,0,29.5,18.4,309.1,1009.3,61.4,13.3,278.6,24,10,30,2023-03-18T06:15:16,2023-03-18T18:23:29,0.87,"Rain, Partially cloudy",Partly cloudy throughout the day with late afternoon rain.,rain,"92035099999,remote,AYPY"
Papua New Guinea,2023-03-19,33,23,27.6,39.3,23,30.4,23.5,79.7,0.1,100,4.17,rain,0,0,27.7,27.7,190.6,1008.5,45.4,14,306.7,26.4,10,30,2023-03-19T06:15:14,2023-03-19T18:22:56,0.91,"Rain, Partially cloudy",Partly cloudy throughout the day with late afternoon rain.,rain,"92035099999,remote,AYPY"
Papua New Guinea,2023-03-20,33,24,27.7,40.7,24,30.8,24.3,82.4,0,0,0,,0,0,27.7,18.4,255.7,1007.7,46,14.5,299.8,26,10,60,2023-03-20T06:15:12,2023-03-20T18:22:23,0.94,Partially cloudy,Partly cloudy throughout the day.,partly-cloudy-day,"92035099999,remote,AYPY"
Papua New Guinea,2023-03-21,33,23,27.3,40.7,23,29.7,23.6,82,3,100,4.17,rain,0,0,20.9,27.7,248.4,1007.9,47.5,12.3,295.6,25.5,10,60,2023-03-21T06:15:10,2023-03-21T18:21:49,0.98,"Rain, Partially cloudy",Partly cloudy throughout the day with late afternoon rain.,rain,"92035099999,AYPY"
Papua New Guinea,2023-03-22,33,23,27.4,40.7,23,30,23.7,81.6,0,0,0,,0,0,27.7,27.7,188.2,1007.7,51.1,13.6,272.7,23.7,9,60,2023-03-22T06:15:08,2023-03-22T18:21:15,0,Partially cloudy,Partly cloudy throughout the day.,partly-cloudy-day,"92035099999,remote,AYPY"
Papua New Guinea,2023-03-23,33,24,27.1,42,24,29.5,23.8,83.3,17,100,4.17,rain,0,0,22.7,27.7,207,1008.1,59.2,13.4,266.1,23.1,10,60,2023-03-23T06:15:06,2023-03-23T18:20:42,0.04,"Rain, Partially cloudy",Becoming cloudy in the afternoon with late afternoon rain.,rain,"92035099999,remote,AYPY"
Papua New Guinea,2023-03-24,31.7,24,25.8,37.8,24,27.1,23.7,88.7,2.1,100,12.5,rain,0,0,37.1,18.4,335,1008,85,13.9,291.5,25.1,10,30,2023-03-24T06:15:04,2023-03-24T18:20:08,0.08,"Rain, Partially cloudy",Partly cloudy throughout the day with rain.,rain,"92035099999,remote,AYPY"
Papua New Guinea,2023-03-25,30,24,26,36.3,24,27.2,23.6,87,36,100,8.33,rain,0,0,10.8,18.4,353.3,1007.9,81.2,16.9,75.7,6.5,3,30,2023-03-25T06:15:01,2023-03-25T18:19:34,0.11,"Rain, Partially cloudy",Partly cloudy throughout the day with rain.,rain,"92035099999,remote,AYPY"
Papua New Guinea,2023-03-26,32,23,27.1,39.3,23,29.7,23.9,83.6,0,0,0,,0,0,19.4,22.3,195.5,1007.1,43.6,13.1,302.9,26.1,10,30,2023-03-26T06:14:59,2023-03-26T18:19:00,0.14,Partially cloudy,Partly cloudy throughout the day.,partly-cloudy-day,"92035099999,remote,AYPY"
Papua New Guinea,2023-03-27,33,24,27.9,42.2,24,31.3,24.4,82.3,0,0,0,,0,0,20.5,27.7,141.5,1006.9,44.8,11.9,295.5,25.5,10,30,2023-03-27T06:14:56,2023-03-27T18:18:27,0.17,Partially cloudy,Partly cloudy throughout the day.,partly-cloudy-day,"92035099999,AYPY"
Papua New Guinea,2023-03-28,32,24,27.8,39.3,24,30.8,23.4,78.4,0,0,0,,0,0,12.2,27.7,243.8,1007.7,45.6,12.2,299.8,26,10,30,2023-03-28T06:14:54,2023-03-28T18:17:53,0.21,Partially cloudy,Partly cloudy throughout the day.,partly-cloudy-day,"92035099999,AYPY"
Papua New Guinea,2023-03-29,33,23,27.7,40.7,23,31,23.9,80.9,0.1,100,4.17,rain,0,0,27.7,18.4,229.4,1007.4,42.3,15.2,299.6,25.8,10,60,2023-03-29T06:14:52,2023-03-29T18:17:19,0.25,"Rain, Partially cloudy",Partly cloudy throughout the day with morning rain.,rain,"92035099999,remote,AYPY"
Papua New Guinea,2023-03-30,32.1,24,27.3,39.3,24,29.8,23.9,82.7,0.4,100,4.17,rain,0,0,37.1,27.7,318,1007.8,57.8,13.9,290,25.2,9,30,2023-03-30T06:14:49,2023-03-30T18:16:46,0.27,"Rain, Partially cloudy",Partly cloudy throughout the day with late afternoon rain.,rain,"92035099999,remote,AYPY"
Papua New Guinea,2023-03-31,32,24,27.1,38,24,29.2,23.8,83.8,0.4,100,4.17,rain,0,0,21.6,29.5,168.3,1008.5,53.3,11.9,261.1,22.6,10,30,2023-03-31T06:14:47,2023-03-31T18:16:12,0.3,"Rain, Partially cloudy",Partly cloudy throughout the day with early morning rain.,rain,"92035099999,remote,AYPY"
Papua New Guinea,2023-04-01,31,23.6,25.7,35.4,23.6,26.9,23.7,89.9,145,100,8.33,rain,0,0,27.7,27.7,323.3,1008.2,73.1,11.8,196,16.9,9,30,2023-04-01T06:14:44,2023-04-01T18:15:39,0.33,"Rain, Partially cloudy",Partly cloudy throughout the day with rain.,rain,"92035099999,remote,AYPY"
Papua New Guinea,2023-04-02,32,23,26.2,38,23,27.8,23.5,86.4,0.4,100,4.17,rain,0,0,27.7,18.4,177.8,1007.1,67.2,12.9,247.2,21.4,10,30,2023-04-02T06:14:42,2023-04-02T18:15:06,0.37,"Rain, Partially cloudy",Partly cloudy throughout the day with late afternoon rain.,rain,"92035099999,remote,AYPY"
Papua New Guinea,2023-04-03,31.2,23,26.8,37.8,23,29,24,85.5,0,0,0,rain,0,0,27.7,18.4,308.3,1006.5,68.5,15.5,120.8,10.4,6,30,2023-04-03T06:14:40,2023-04-03T18:14:33,0.4,Partially cloudy,Partly cloudy throughout the day.,partly-cloudy-day,"92035099999,remote,AYPY"
Papua New Guinea,2023-04-04,32,24,26.3,39.3,24,27.7,24,88.6,39,100,4.17,rain,0,0,18.4,24,318.1,1007.5,83.5,13.4,169.9,14.7,8,60,2023-04-04T06:14:37,2023-04-04T18:14:00,0.43,"Rain, Partially cloudy",Partly cloudy throughout the day with late afternoon rain.,rain,"92035099999,remote,AYPY"
Papua New Guinea,2023-04-05,32,23,26.7,39.3,23,28.9,24,85.8,39,100,4.17,rain,0,0,27.7,18.4,276.4,1007.3,69.6,13.7,242.9,20.8,9,30,2023-04-05T06:14:35,2023-04-05T18:13:28,0.46,"Rain, Partially cloudy",Partly cloudy throughout the day with early morning rain.,rain,"92035099999,remote,AYPY"
Papua New Guinea,2023-04-06,32,24,27.7,39.3,24,30.8,24.5,83.6,0.8,100,4.17,rain,0,0,27.7,22.3,214.9,1006.4,54.2,12.2,285.3,24.7,10,30,2023-04-06T06:14:33,2023-04-06T18:12:55,0.5,"Rain, Partially cloudy",Partly cloudy throughout the day with late afternoon rain.,rain,"92035099999,remote,AYPY"
Papua New Guinea,2023-04-07,32,24,26.8,39.3,24,29.1,24.4,87.7,19.8,100,12.5,rain,0,0,27.7,31.7,308.7,1006.9,71.1,13.7,265.5,23,9,60,2023-04-07T06:14:32,2023-04-07T18:12:23,0.53,"Rain, Partially cloudy",Partly cloudy throughout the day with rain.,rain,"92035099999,remote,AYPY"
Papua New Guinea,2023-04-08,29.7,24,26,34.7,24,27.4,23.8,88.5,13.4,100,8.33,rain,0,0,29.2,27.7,328.6,1009.3,77.4,14,136.1,11.8,8,10,2023-04-08T06:14:30,2023-04-08T18:11:51,0.57,"Rain, Partially cloudy",Partly cloudy throughout the day with rain.,rain,"92035099999,remote,AYPY"
Papua New Guinea,2023-04-09,31,23,26.2,36.6,23,27.7,23.6,86.7,8.4,100,8.33,rain,0,0,10.1,27.7,315.5,1009.9,73.8,14,214.3,18.4,8,10,2023-04-09T06:14:28,2023-04-09T18:11:20,0.6,"Rain, Partially cloudy",Partly cloudy throughout the day with rain.,rain,"92035099999,remote,AYPY"
Papua New Guinea,2023-04-10,31,23,26.3,36.6,23,28,23.5,85.8,0,0,0,rain,0,0,27.7,24.1,327,1010.3,70.1,11.8,242.2,21,8,30,2023-04-10T06:14:27,2023-04-10T18:10:49,0.64,Partially cloudy,Partly cloudy throughout the day.,partly-cloudy-day,"92035099999,remote,AYPY"
Papua New Guinea,2023-04-11,32,23,27.1,38,23,29.2,23.2,80.4,1.6,100,4.17,rain,0,0,18.4,22.3,160.3,1010.2,54.7,13.3,252.8,21.8,9,10,2023-04-11T06:14:26,2023-04-11T18:10:18,0.67,"Rain, Partially cloudy",Partly cloudy throughout the day with late afternoon rain.,rain,"92035099999,remote,AYPY"
Papua New Guinea,2023-04-12,31,24.5,27.1,37.8,24.5,29.3,24.3,85.5,8,100,4.17,rain,0,0,27.7,18.4,263.8,1009.5,79.5,11.7,247.6,21.3,9,30,2023-04-12T06:14:25,2023-04-12T18:09:47,0.71,"Rain, Partially cloudy",Partly cloudy throughout the day with late afternoon rain.,rain,"92035099999,remote,AYPY"
Papua New Guinea,2023-04-13,30,24,26.7,36.3,24,28.9,23.8,84.9,0,0,0,rain,0,0,27.7,18.4,318.4,1009.5,65,13.5,266.7,23,9,30,2023-04-13T06:14:24,2023-04-13T18:09:17,0.75,Partially cloudy,Partly cloudy throughout the day.,partly-cloudy-day,"92035099999,remote,AYPY"
Papua New Guinea,2023-04-14,31,24,27.1,37.8,24,29.9,24.1,84.3,0.1,100,4.17,rain,0,0,27.7,20.5,290.7,1008.4,51.5,14.2,261.8,22.8,9,30,2023-04-14T06:14:24,2023-04-14T18:08:47,0.78,"Rain, Partially cloudy",Partly cloudy throughout the day with late afternoon rain.,rain,"92035099999,remote,AYPY"
Papua New Guinea,2023-04-15,32,23,27.1,38,23,29.3,23.6,82.6,0,0,0,,0,0,27.7,19.9,312.6,1007.9,47.5,14.1,265,22.9,9,10,2023-04-15T06:14:24,2023-04-15T18:08:18,0.82,Partially cloudy,Partly cloudy throughout the day.,partly-cloudy-day,"92035099999,remote,AYPY"
Papua New Guinea,2023-04-16,32,23,26.9,36.8,23,29,23.5,83,0.1,100,4.17,rain,0,0,37.1,27.7,313.4,1008.8,44.7,13.5,282.7,24.3,10,30,2023-04-16T06:14:24,2023-04-16T18:07:49,0.85,"Rain, Partially cloudy",Partly cloudy throughout the day with early morning rain.,rain,"92035099999,remote,AYPY"
Papua New Guinea,2023-04-17,33,23,27.6,38.1,23,30.1,23.5,80,0,0,0,,0,0,27.7,27.7,285.4,1009.6,45.2,13.1,240.8,20.8,9,30,2023-04-17T06:14:24,2023-04-17T18:07:21,0.89,Partially cloudy,Partly cloudy throughout the day.,partly-cloudy-day,"92035099999,remote,AYPY"
Papua New Guinea,2023-04-18,33,23,27.6,40.7,23,30,23.4,79.4,0.4,100,4.17,rain,0,0,27.7,18.4,153.9,1010.1,46.3,15.1,277,23.9,9,30,2023-04-18T06:14:25,2023-04-18T18:06:53,0.93,"Rain, Partially cloudy",Partly cloudy throughout the day with late afternoon rain.,rain,"92035099999,remote,AYPY"
Papua New Guinea,2023-04-19,31,24,26.5,36.6,24,28.2,23.2,82.9,0.4,100,4.17,rain,0,0,27.7,18.4,316.8,1009.3,52.4,13.6,269.3,23.2,9,10,2023-04-19T06:14:26,2023-04-19T18:06:25,0.96,"Rain, Partially cloudy",Partly cloudy throughout the day with early morning rain.,rain,"92035099999,remote,AYPY"
Papua New Guinea,2023-04-20,31,23,26.7,37.8,23,28.5,22.9,80.9,0.2,100,4.17,rain,0,0,27.7,27.7,137.7,1007.7,47.9,15.3,270.2,23.3,9,30,2023-04-20T06:14:27,2023-04-20T18:05:58,0,"Rain, Partially cloudy",Partly cloudy throughout the day with afternoon rain.,rain,"92035099999,remote,AYPY"
Papua New Guinea,2023-04-21,32,23,27.4,39.3,23,30.5,24,82.8,0.4,100,4.17,rain,0,0,37.1,27.7,143.5,1007.6,45.5,12.5,273.1,23.5,9,60,2023-04-21T06:14:29,2023-04-21T18:05:32,0.03,"Rain, Partially cloudy",Partly cloudy throughout the day with late afternoon rain.,rain,"92035099999,AYPY"
Papua New Guinea,2023-04-22,32,24,27.9,40.7,24,30.9,24.5,82.8,0.4,100,4.17,rain,0,0,30.2,27.7,149.1,1007.6,70.8,13.8,247.5,21.3,8,60,2023-04-22T06:14:30,2023-04-22T18:05:06,0.06,"Rain, Partially cloudy",Partly cloudy throughout the day with early morning rain.,rain,"92035099999,remote,AYPY"
Papua New Guinea,2023-04-23,32,24,27.8,40.7,24,31.6,24.7,84.5,0,0,0,,0,0,27.7,18.4,194.8,1007.7,43.2,12.3,252.9,21.7,8,30,2023-04-23T06:14:33,2023-04-23T18:04:41,0.09,Partially cloudy,Partly cloudy throughout the day.,partly-cloudy-day,"92035099999,AYPY"
Papua New Guinea,2023-04-24,33,25,27.3,42.2,25,30,24.8,87.3,29,100,4.17,rain,0,0,28.1,18.4,315.2,1007.9,66.5,14,255.3,22,9,60,2023-04-24T06:14:35,2023-04-24T18:04:16,0.13,"Rain, Partially cloudy",Partly cloudy throughout the day with late afternoon rain.,rain,"92035099999,remote,AYPY"
Papua New Guinea,2023-04-25,32,23,27.2,39.3,23,30.3,24.2,84.7,0,0,0,rain,0,0,31.7,33.5,175.9,1007,44.7,14.5,272.3,23.5,9,60,2023-04-25T06:14:38,2023-04-25T18:03:51,0.16,Partially cloudy,Partly cloudy throughout the day.,partly-cloudy-day,"92035099999,remote,AYPY"
Papua New Guinea,2023-04-26,32.2,24,27.7,39.2,24,31,24.2,81.9,0,0,0,rain,0,0,46.4,27.7,138,1007.1,46,13.6,253.3,21.9,8,75,2023-04-26T06:14:41,2023-04-26T18:03:28,0.19,Partially cloudy,Partly cloudy throughout the day.,partly-cloudy-day,"92035099999,remote,AYPY"
Papua New Guinea,2023-04-27,32,24.5,27.9,40.7,24.5,31.5,24.9,84.8,0,0,0,rain,0,0,30.2,31.7,165.6,1008.1,58.2,13.9,240.9,20.8,9,60,2023-04-27T06:14:45,2023-04-27T18:03:05,0.22,Partially cloudy,Partly cloudy throughout the day.,partly-cloudy-day,"92035099999,remote,AYPY"
Papua New Guinea,2023-04-28,32,25,27.4,40.7,25,30.4,24.8,86.2,2,100,8.33,rain,0,0,27.7,18.4,148.8,1007.5,67.7,14.6,260.1,22.4,9,30,2023-04-28T06:14:49,2023-04-28T18:02:42,0.25,"Rain, Partially cloudy",Partly cloudy throughout the day with rain.,rain,"92035099999,remote,AYPY"
Papua New Guinea,2023-04-29,32,24,26.8,39.3,24,28.9,24.1,86.3,2.5,100,4.17,rain,0,0,27.7,18.4,147.7,1006.6,61.9,12.8,239.3,20.6,8,30,2023-04-29T06:14:53,2023-04-29T18:02:21,0.29,"Rain, Partially cloudy",Partly cloudy throughout the day with late afternoon rain.,rain,"92035099999,remote,AYPY"
Papua New Guinea,2023-04-30,32,24,27.1,39.3,24,30.1,24.3,85.1,1.2,100,8.33,rain,0,0,27.7,21.1,150.4,1006.6,63,15.5,248.1,21.3,8,30,2023-04-30T06:14:58,2023-04-30T18:02:00,0.32,"Rain, Partially cloudy",Partly cloudy throughout the day with rain.,rain,"92035099999,remote,AYPY"
Papua New Guinea,2023-05-01,32,25,27.5,40.7,25,30.2,24.4,84,0.4,100,4.17,rain,0,0,27.7,18.4,148.8,1007.3,61.3,15.7,248.3,21.2,8,60,2023-05-01T06:15:03,2023-05-01T18:01:39,0.35,"Rain, Partially cloudy",Partly cloudy throughout the day with late afternoon rain.,rain,"92035099999,remote,AYPY"
Papua New Guinea,2023-05-02,33,25,27.3,42.4,25,30.5,25.2,89.4,0,0,0,rain,0,0,37.1,18.4,314.1,1008.2,66.5,12,227.6,19.6,8,30,2023-05-02T06:15:09,2023-05-02T18:01:19,0.38,Partially cloudy,Partly cloudy throughout the day.,partly-cloudy-day,"92035099999,AYPY"
Papua New Guinea,2023-05-03,31,25,27.3,37.8,25,30.3,24.8,86.6,4,100,4.17,rain,0,0,14.4,27.7,199.1,1008.6,71.9,13.9,243.8,21.1,8,30,2023-05-03T06:15:15,2023-05-03T18:01:00,0.41,"Rain, Partially cloudy",Partly cloudy throughout the day with early morning rain.,rain,"92035099999,remote,AYPY"
Papua New Guinea,2023-05-04,31.9,25,27.2,40,25,30.1,25.4,90.4,13,100,4.17,rain,0,0,37.1,27.7,147.8,1006.6,59.5,13.6,243.2,21.1,9,60,2023-05-04T06:15:21,2023-05-04T18:00:42,0.45,"Rain, Partially cloudy",Partly cloudy throughout the day with late afternoon rain.,rain,"92035099999,remote,AYPY"
Papua New Guinea,2023-05-05,32,24.9,27.9,42.4,24.9,31.5,25,85.3,1.6,100,12.5,rain,0,0,14,24.1,140,1005.2,63.8,14.5,152.7,13.3,7,60,2023-05-05T06:15:28,2023-05-05T18:00:24,0.48,"Rain, Partially cloudy",Partly cloudy throughout the day with rain.,rain,"92035099999,remote,AYPY"
Papua New Guinea,2023-05-06,32,25,27.8,40.7,25,31.5,25.2,86.3,2,100,4.17,rain,0,0,27.7,16.2,148.9,1005.9,74.7,14.5,235.5,20.4,8,75,2023-05-06T06:15:35,2023-05-06T18:00:07,0.5,"Rain, Partially cloudy",Partly cloudy throughout the day with late afternoon rain.,rain,"92035099999,remote,AYPY"
Papua New Guinea,2023-05-07,31,24,27.7,39.2,24,31.6,24.8,85.3,0,0,0,,0,0,27.7,24.1,163.7,1007.7,65.6,12.7,253.1,21.9,8,60,2023-05-07T06:15:43,2023-05-07T17:59:51,0.55,Partially cloudy,Partly cloudy throughout the day.,partly-cloudy-day,"92035099999,remote,AYPY"
Papua New Guinea,2023-05-08,32,25,28.4,40.7,25,32.8,25,82.7,0,0,0,rain,0,0,37.1,18.4,147.3,1006.9,55.7,13.9,228.3,19.5,9,60,2023-05-08T06:15:50,2023-05-08T17:59:35,0.58,Partially cloudy,Partly cloudy throughout the day.,partly-cloudy-day,"92035099999,remote,AYPY"
Papua New Guinea,2023-05-09,31.7,25.2,27.9,39.7,25.2,31.7,25.1,85.5,3,100,8.33,rain,0,0,55.4,37.1,145.2,1007.8,73.3,12.6,227.6,19.6,8,60,2023-05-09T06:15:59,2023-05-09T17:59:21,0.62,"Rain, Partially cloudy",Partly cloudy throughout the day with rain.,rain,"92035099999,remote,AYPY"
Papua New Guinea,2023-05-10,31,25,27.4,38.4,25,30.1,24.4,83.9,0.6,100,12.5,rain,0,0,37.1,24.8,144.2,1008.4,61.3,14.8,108.1,9.4,6,60,2023-05-10T06:16:07,2023-05-10T17:59:07,0.66,"Rain, Partially cloudy",Partly cloudy throughout the day with afternoon rain.,rain,"92035099999,remote,AYPY"
Papua New Guinea,2023-05-11,32,24,27.3,39.3,24,30.2,24.4,84.7,2,100,8.33,rain,0,0,31.7,23,148.3,1009.3,51.1,16.5,245.6,21.1,8,60,2023-05-11T06:16:17,2023-05-11T17:58:53,0.69,"Rain, Partially cloudy",Partly cloudy throughout the day with rain.,rain,"92035099999,remote,AYPY"
Papua New Guinea,2023-05-12,32,25,27.2,42.4,25,30.4,25.1,88.5,8,100,8.33,rain,0,0,27.7,18.4,164.3,1010.2,79.5,15.7,213.9,18.5,8,30,2023-05-12T06:16:26,2023-05-12T17:58:41,0.73,"Rain, Partially cloudy",Partly cloudy throughout the day with rain.,rain,"92035099999,remote,AYPY"
Papua New Guinea,2023-05-13,32,24,27.6,40.7,24,31.3,25.2,87.3,4,100,4.17,rain,0,0,27.7,18.4,173,1010,71.5,13,215,18.6,8,30,2023-05-13T06:16:36,2023-05-13T17:58:29,0.75,"Rain, Partially cloudy",Partly cloudy throughout the day with early morning rain.,rain,"92035099999,AYPY"
Papua New Guinea,2023-05-14,32,24.6,28.1,40.7,24.6,32.2,24.7,82.6,0,0,0,rain,0,0,27.7,27.7,165.4,1009,50.2,15,243.2,21,8,30,2023-05-14T06:16:46,2023-05-14T17:58:18,0.8,Partially cloudy,Partly cloudy throughout the day.,partly-cloudy-day,"92035099999,remote,AYPY"
Papua New Guinea,2023-05-15,32,25.3,28.1,42.4,25.3,31.9,25.1,84.5,0.2,100,4.17,rain,0,0,13.3,18.4,163,1008.8,63.9,15.2,241.4,21.1,8,30,2023-05-15T06:16:57,2023-05-15T17:58:08,0.84,"Rain, Partially cloudy",Partly cloudy throughout the day with late afternoon rain.,rain,"92035099999,remote,AYPY"
Papua New Guinea,2023-05-16,32,24.8,27.4,39.3,24.8,30,24.1,83.5,88,100,4.17,rain,0,0,24.1,27.7,319.3,1010.4,73.5,14.4,154.8,13.3,8,10,2023-05-16T06:17:08,2023-05-16T17:57:58,0.87,"Rain, Partially cloudy",Partly cloudy throughout the day with morning rain.,rain,"92035099999,remote,AYPY"
Papua New Guinea,2023-05-17,31,24,26.9,37.8,24,29.3,24,84.7,46,100,4.17,rain,0,0,27.7,25.2,330.5,1010.4,70.6,13.8,229.6,19.8,8,30,2023-05-17T06:17:19,2023-05-17T17:57:50,0.91,"Rain, Partially cloudy",Partly cloudy throughout the day with late afternoon rain.,rain,"92035099999,remote,AYPY"
Papua New Guinea,2023-05-18,30,24,26,35.2,24,27.4,23.8,88.4,10,100,4.17,rain,0,0,40.3,21.6,139.8,1010.4,81,13.8,164.3,14.1,7,30,2023-05-18T06:17:31,2023-05-18T17:57:42,0.94,"Rain, Partially cloudy",Partly cloudy throughout the day with early morning rain.,rain,"92035099999,remote,AYPY"
Papua New Guinea,2023-05-19,29.6,23.8,26.3,33.6,23.8,27.4,22.8,81.8,0.2,100,8.33,rain,0,0,55.4,37.1,146.6,1009.4,74,13,91,8,4,10,2023-05-19T06:17:43,2023-05-19T17:57:35,0.98,"Rain, Partially cloudy",Partly cloudy throughout the day with early morning rain.,rain,"92035099999,remote,AYPY"
Papua New Guinea,2023-05-20,30,23.1,26.4,35.2,23.1,27.7,22.2,78.2,0,0,0,,0,0,31,20.5,149.7,1010.4,59.3,13.6,189.1,16.4,7,10,2023-05-20T06:17:55,2023-05-20T17:57:28,0,Partially cloudy,Partly cloudy throughout the day.,partly-cloudy-day,"92035099999,AYPY"
Papua New Guinea,2023-05-21,30,23,25.8,33.3,23,26.9,23,85.5,0,0,0,rain,0,0,20.5,18.4,148.6,1012.2,71.1,13.3,177.6,15.2,7,10,2023-05-21T06:18:08,2023-05-21T17:57:23,0.05,Partially cloudy,Partly cloudy throughout the day.,partly-cloudy-day,"92035099999,remote,AYPY"
Papua New Guinea,2023-05-22,29,23.7,25.6,33.6,23.7,26.3,22.8,84.9,3,100,4.17,rain,0,0,42.1,37.1,142.1,1012.9,85.9,13,34.5,2.9,2,10,2023-05-22T06:18:21,2023-05-22T17:57:18,0.08,"Rain, Partially cloudy",Partly cloudy throughout the day with morning rain.,rain,"92035099999,remote,AYPY"
Papua New Guinea,2023-05-23,29,23.6,26.4,32.8,23.6,27.4,22.2,78.4,0.1,100,4.17,rain,0,0,41.4,27.7,146.6,1013.2,79.3,12.1,77.9,6.7,5,10,2023-05-23T06:18:34,2023-05-23T17:57:14,0.11,"Rain, Partially cloudy",Partly cloudy throughout the day with morning rain.,rain,"92035099999,remote,AYPY"
Papua New Guinea,2023-05-24,27,24.4,25.4,30.1,24.4,25.7,23.2,88,2.9,100,12.5,rain,0,0,40,27.7,146.9,1012.2,90.8,9.2,185.2,16,7,30,2023-05-24T06:18:48,2023-05-24T17:57:10,0.14,"Rain, Overcast",Cloudy skies throughout the day with rain.,rain,"92035099999,remote,AYPY"
Papua New Guinea,2023-05-25,27,24,25.1,30.1,24,25.4,23.9,93.1,9,100,8.33,rain,0,0,38.9,23.8,136.3,1010.7,90.5,10.1,69.4,6,4,10,2023-05-25T06:19:02,2023-05-25T17:57:08,0.17,"Rain, Overcast",Cloudy skies throughout the day with rain.,rain,"92035099999,remote,AYPY"
Papua New Guinea,2023-05-26,29,22.4,25,33.6,22.4,25.8,23.5,91.9,2.8,100,16.67,rain,0,0,18.4,22.3,343.1,1011.2,87.9,10.3,96.7,8.4,6,10,2023-05-26T06:19:16,2023-05-26T17:57:06,0.21,"Rain, Partially cloudy",Partly cloudy throughout the day with a chance of rain throughout the day.,rain,"92035099999,remote,AYPY"
Papua New Guinea,2023-05-27,29,22.6,25.4,33.6,22.6,26.5,23.3,89,35,100,8.33,rain,0,0,37.1,27.7,144.1,1009.8,81.1,13.2,221.8,19.1,8,10,2023-05-27T06:19:30,2023-05-27T17:57:05,0.24,"Rain, Partially cloudy",Partly cloudy throughout the day with rain clearing later.,rain,"92035099999,remote,AYPY"
Papua New Guinea,2023-05-28,29.1,22.9,25.4,33.9,22.9,26.6,23.3,89,109.6,100,12.5,rain,0,0,17.6,18.4,160.7,1010.6,80.2,13.1,230.8,19.9,8,10,2023-05-28T06:19:44,2023-05-28T17:57:05,0.25,"Rain, Partially cloudy",Partly cloudy throughout the day with rain.,rain,"92035099999,remote,AYPY"
Papua New Guinea,2023-05-29,26.3,23,24.1,26.3,23,24.1,23.5,96.3,115,100,12.5,rain,0,0,34.9,18.4,353.9,1012.2,95.5,8.8,125.4,10.7,5,10,2023-05-29T06:19:59,2023-05-29T17:57:05,0.3,"Rain, Overcast",Cloudy skies throughout the day with rain.,rain,"92035099999,remote,AYPY"
Papua New Guinea,2023-05-30,29,23,25.3,33.6,23,26.2,23.4,89.8,4,100,4.17,rain,0,0,38.9,37.1,145.7,1012.7,66.2,12.6,68.1,5.8,5,10,2023-05-30T06:20:14,2023-05-30T17:57:06,0.34,"Rain, Partially cloudy",Partly cloudy throughout the day with early morning rain.,rain,"92035099999,remote,AYPY"
Papua New Guinea,2023-05-31,31,22,26.7,36.6,22,28.9,23.2,82,0,0,0,rain,0,0,46.4,42.5,153.3,1010.5,36.8,14,217.2,18.9,7,30,2023-05-31T06:20:29,2023-05-31T17:57:08,0.37,Partially cloudy,Partly cloudy throughout the day.,partly-cloudy-day,"92035099999,remote,AYPY"
Papua New Guinea,2023-06-01,31,23.7,26.6,37.8,23.7,28.7,24,85.8,0.1,100,4.17,rain,0,0,46.4,27.7,147.9,1009.8,59.9,13.5,226.9,19.7,8,30,2023-06-01T06:20:44,2023-06-01T17:57:10,0.4,"Rain, Partially cloudy",Partly cloudy throughout the day with late afternoon rain.,rain,"92035099999,remote,AYPY"
Papua New Guinea,2023-06-02,31.7,24,26.8,38.1,24,29,24.2,86.1,6,100,4.17,rain,0,0,37.1,27.7,133.3,1010.5,62.7,12.3,230.6,20,8,30,2023-06-02T06:21:00,2023-06-02T17:57:14,0.43,"Rain, Partially cloudy",Partly cloudy throughout the day with late afternoon rain.,rain,"92035099999,remote,AYPY"
Papua New Guinea,2023-06-03,30,24,25.8,36.3,24,27.3,23.9,89.8,10.4,100,12.5,rain,0,0,27.7,18.4,135.2,1011,82.9,14.3,185.5,16.1,8,30,2023-06-03T06:21:15,2023-06-03T17:57:17,0.47,"Rain, Partially cloudy",Partly cloudy throughout the day with rain.,rain,"92035099999,remote,AYPY"
Papua New Guinea,2023-06-04,31,24,26.6,37.8,24,28.8,24.1,86.9,0,0,0,rain,0,0,18,18.4,157,1009.6,64.6,13.5,225.2,19.6,8,30,2023-06-04T06:21:31,2023-06-04T17:57:22,0.5,Partially cloudy,Partly cloudy throughout the day.,partly-cloudy-day,"92035099999,remote,AYPY"
Papua New Guinea,2023-06-05,31,24.7,27.5,37.8,24.7,30.7,24.9,86.9,0,0,0,rain,0,0,8.6,18.4,167.1,1008.8,59.6,13.4,223.6,19.5,8,30,2023-06-05T06:21:46,2023-06-05T17:57:27,0.53,Partially cloudy,Partly cloudy throughout the day.,partly-cloudy-day,"92035099999,remote,AYPY"
Papua New Guinea,2023-06-06,31,24.4,27.6,39.2,24.4,30.8,25.1,87,0,0,0,rain,0,0,23,29.5,157.8,1009.2,56.3,13.3,224.8,19.5,7,60,2023-06-06T06:22:02,2023-06-06T17:57:33,0.57,Partially cloudy,Partly cloudy throughout the day.,partly-cloudy-day,"92035099999,remote,AYPY"
Papua New Guinea,2023-06-07,32,24,27.3,39.3,24,30.2,24.4,85.2,1.3,100,8.33,rain,0,0,46.4,37.1,148,1010,54.6,14.1,222.9,19.2,8,60,2023-06-07T06:22:17,2023-06-07T17:57:39,0.6,"Rain, Partially cloudy",Partly cloudy throughout the day with late afternoon rain.,rain,"92035099999,remote,AYPY"
Papua New Guinea,2023-06-08,30,24.3,27,35.2,24.3,28.8,23.5,81.7,0.6,100,4.17,rain,0,0,46.4,37.1,147.2,1010.4,68.5,13.3,217.4,18.8,8,30,2023-06-08T06:22:33,2023-06-08T17:57:46,0.64,"Rain, Partially cloudy",Partly cloudy throughout the day with early morning rain.,rain,"92035099999,remote,AYPY"
Papua New Guinea,2023-06-09,30,23.3,26.4,34.2,23.3,27.6,22.3,78.6,0,0,0,,0,0,46.4,27.7,145.7,1009.8,60.4,13.4,151.1,13.2,5,10,2023-06-09T06:22:49,2023-06-09T17:57:54,0.68,Partially cloudy,Partly cloudy throughout the day.,partly-cloudy-day,"92035099999,remote,AYPY"
Papua New Guinea,2023-06-10,30.4,24,26.6,35.2,24,28.6,22.8,80.1,0,0,0,rain,0,0,46.4,27.7,144.7,1010.1,52.7,13.8,227.8,19.6,8,30,2023-06-10T06:23:04,2023-06-10T17:58:02,0.71,Partially cloudy,Partly cloudy throughout the day.,partly-cloudy-day,"92035099999,remote,AYPY"
Papua New Guinea,2023-06-11,31,24,27.1,37.1,24,29.4,23.7,82.2,0,0,0,rain,0,0,37.1,27.7,145,1009.8,59.8,12.6,216.2,18.8,8,30,2023-06-11T06:23:20,2023-06-11T17:58:10,0.75,Partially cloudy,Partly cloudy throughout the day.,partly-cloudy-day,"92035099999,AYPY"
Papua New Guinea,2023-06-12,31,23.8,26.9,37.8,23.8,29.2,23.8,83.7,0,0,0,rain,0,0,37.1,27.7,149.9,1009.6,68.9,13.8,215.9,18.8,8,30,2023-06-12T06:23:35,2023-06-12T17:58:19,0.78,Partially cloudy,Partly cloudy throughout the day.,partly-cloudy-day,"92035099999,remote,AYPY"
Papua New Guinea,2023-06-13,30.4,24.2,27.3,35.8,24.2,29.7,24.3,84.1,0.4,100,4.17,rain,0,0,37.1,31.7,149,1009.1,54.7,13.1,213.5,18.4,7,60,2023-06-13T06:23:51,2023-06-13T17:58:29,0.82,"Rain, Partially cloudy",Partly cloudy throughout the day with early morning rain.,rain,"92035099999,remote,AYPY"
Papua New Guinea,2023-06-14,32,25,27.5,35.8,25,29.3,23.2,78.7,0,0,0,rain,0,0,37.1,37.1,149.4,1009.1,63.1,13,212,18.4,7,30,2023-06-14T06:24:06,2023-06-14T17:58:39,0.85,Partially cloudy,Partly cloudy throughout the day.,partly-cloudy-day,"92035099999,remote,AYPY"
Papua New Guinea,2023-06-15,29,24.4,26.7,33.6,24.4,28.3,23.2,81.2,0.2,100,4.17,rain,0,0,46.4,27.7,142.6,1009.5,68.9,12.7,213.9,18.4,8,30,2023-06-15T06:24:21,2023-06-15T17:58:50,0.89,"Rain, Partially cloudy",Partly cloudy throughout the day with early morning rain.,rain,"92035099999,remote,AYPY"
Papua New Guinea,2023-06-16,30,24,26.5,35.2,24,28,23,81.6,0.1,100,4.17,rain,0,0,46.4,37.1,148.7,1010.2,66.6,15.1,197.2,16.8,7,10,2023-06-16T06:24:35,2023-06-16T17:59:01,0.92,"Rain, Partially cloudy",Partly cloudy throughout the day with morning rain.,rain,"92035099999,remote,AYPY"
Papua New Guinea,2023-06-17,29,24.9,26.2,32,24.9,27,21.1,74,0,0,0,,0,0,40.7,37.1,143.1,1010.4,80.7,13.8,203.4,17.6,7,10,2023-06-17T06:24:50,2023-06-17T17:59:12,0.96,Partially cloudy,Partly cloudy throughout the day.,partly-cloudy-day,"92035099999,remote,AYPY"
Papua New Guinea,2023-06-18,30,20,24.5,34.2,20,25.3,20.5,78.8,0,0,0,,0,0,46.4,37.1,147.1,1011.2,44.5,13.9,203.5,17.6,7,10,2023-06-18T06:25:04,2023-06-18T17:59:24,0,Partially cloudy,Becoming cloudy in the afternoon.,partly-cloudy-day,"92035099999,remote,AYPY"
Papua New Guinea,2023-06-19,30,22,25.4,32.6,22,25.9,20.1,72.9,0,0,0,,0,0,29.9,22.3,144.7,1011.5,52.5,17.3,229.8,20,8,10,2023-06-19T06:25:18,2023-06-19T17:59:36,0.03,Partially cloudy,Partly cloudy throughout the day.,partly-cloudy-day,"92035099999,remote,AYPY"
Papua New Guinea,2023-06-20,30,20,25.1,34.6,20,26,20.7,77.4,0,0,0,,0,0,37.1,25.9,147.8,1011.4,35.4,13.6,224.8,19.2,8,10,2023-06-20T06:25:32,2023-06-20T17:59:49,0.06,Partially cloudy,Becoming cloudy in the afternoon.,partly-cloudy-day,"92035099999,remote,AYPY"
Papua New Guinea,2023-06-21,29.4,21,25.7,32.8,21,26.7,21.1,76.1,0,0,0,,0,0,46.4,37.1,141.9,1011.5,46.3,14.5,188.5,16.5,8,10,2023-06-21T06:25:46,2023-06-21T18:00:01,0.09,Partially cloudy,Partly cloudy throughout the day.,partly-cloudy-day,"92035099999,remote,AYPY"
Papua New Guinea,2023-06-22,30.4,22,25.8,33.3,22,26.7,21.1,76,0,0,0,,0,0,37.1,31.7,144.3,1010.8,45.4,14.4,221.2,19.2,8,10,2023-06-22T06:25:59,2023-06-22T18:00:14,0.13,Partially cloudy,Partly cloudy throughout the day.,partly-cloudy-day,"92035099999,remote,AYPY"
Papua New Guinea,2023-06-23,30,23,26.3,34.2,23,28,22.8,81.7,0,0,0,rain,0,0,29.2,31.7,156.8,1010.1,49.3,12.2,231.3,19.9,8,30,2023-06-23T06:26:12,2023-06-23T18:00:28,0.16,Partially cloudy,Partly cloudy throughout the day.,partly-cloudy-day,"92035099999,remote,AYPY"
Papua New Guinea,2023-06-24,30,23,26.5,35.2,23,28.3,23.4,83.9,0,0,0,rain,0,0,27.7,37.1,145.9,1010.1,69.8,14,198,17.3,7,30,2023-06-24T06:26:24,2023-06-24T18:00:42,0.19,Partially cloudy,Partly cloudy throughout the day.,partly-cloudy-day,"92035099999,remote,AYPY"
Papua New Guinea,2023-06-25,29.1,22.9,25.7,32.1,22.9,26.8,22,80.4,0,0,0,,0,0,37.1,18.7,137.7,1010.3,54.6,15.4,148.1,12.9,7,10,2023-06-25T06:26:36,2023-06-25T18:00:55,0.23,Partially cloudy,Partly cloudy throughout the day.,partly-cloudy-day,"92035099999,remote,AYPY"
Papua New Guinea,2023-06-26,29,23,25.9,32.8,23,27.4,22.8,83.4,0,0,0,,0,0,28.1,22.3,135.5,1009.3,54.9,13.3,115.1,9.8,5,10,2023-06-26T06:26:48,2023-06-26T18:01:09,0.25,Partially cloudy,Partly cloudy throughout the day.,partly-cloudy-day,"92035099999,remote,AYPY"
Papua New Guinea,2023-06-27,30.4,22,25.9,35.5,22,27.4,22.8,83.7,0,0,0,,0,0,37.1,27.7,142.3,1010.3,58,13,230.5,20,8,10,2023-06-27T06:26:59,2023-06-27T18:01:24,0.29,Partially cloudy,Partly cloudy throughout the day.,partly-cloudy-day,"92035099999,remote,AYPY"
Papua New Guinea,2023-06-28,30,22.4,26.2,32.6,22.4,27.1,21.1,74.8,0,0,0,,0,0,37.1,27.7,149.9,1011.3,42,11,189,16.2,8,10,2023-06-28T06:27:09,2023-06-28T18:01:38,0.32,Partially cloudy,Partly cloudy throughout the day.,partly-cloudy-day,"92035099999,AYPY"
Papua New Guinea,2023-06-29,30,22.6,26.2,33.3,22.6,27.3,21.8,77.7,0,0,0,rain,0,0,27.7,22.3,140.1,1011,81.8,14.9,222.8,19.2,8,10,2023-06-29T06:27:20,2023-06-29T18:01:53,0.36,Partially cloudy,Partly cloudy throughout the day.,partly-cloudy-day,"92035099999,remote,AYPY"
Papua New Guinea,2023-06-30,31,23,26.4,35.5,23,27.8,22.4,79.6,0,0,0,,0,0,37.1,37.1,149.3,1010.7,48.1,12.5,210,17.9,8,10,2023-06-30T06:27:29,2023-06-30T18:02:07,0.39,Partially cloudy,Partly cloudy throughout the day.,partly-cloudy-day,"92035099999,remote,AYPY"
Papua New Guinea,2023-07-01,31,23,26.5,35.5,23,28,22.4,79.2,0,0,0,,0,0,46.4,37.1,147.3,1011,56.2,14.4,222.3,19.1,8,10,2023-07-01T06:27:38,2023-07-01T18:02:22,0.42,Partially cloudy,Partly cloudy throughout the day.,partly-cloudy-day,"92035099999,remote,AYPY"
Papua New Guinea,2023-07-02,30,22.7,26.5,35.8,22.7,28.4,23.1,82.1,0.2,100,4.17,rain,0,0,37.1,27.7,146.7,1011.8,69.7,14.3,200.2,17.2,7,10,2023-07-02T06:27:47,2023-07-02T18:02:37,0.45,"Rain, Partially cloudy",Partly cloudy throughout the day with early morning rain.,rain,"92035099999,remote,AYPY"
Papua New Guinea,2023-07-03,32,23.9,26.5,37.1,23.9,28.3,23.8,85.8,0,0,0,rain,0,0,27.7,18.4,141.3,1010.6,56.7,14.6,206.4,17.6,8,30,2023-07-03T06:27:55,2023-07-03T18:02:52,0.5,Partially cloudy,Partly cloudy throughout the day.,partly-cloudy-day,"92035099999,remote,AYPY"
Papua New Guinea,2023-07-04,31,23,26.7,36.6,23,29.2,23.7,84.7,0,0,0,,0,0,27.7,24.1,267.7,1009.5,47.5,11.2,229.9,19.8,8,10,2023-07-04T06:28:02,2023-07-04T18:03:06,0.52,Partially cloudy,Partly cloudy throughout the day.,partly-cloudy-day,"92035099999,remote,AYPY"
Papua New Guinea,2023-07-05,38,24.1,27.8,45.7,24.1,30.7,23.9,80.9,0.4,100,8.33,rain,0,0,27.7,24.1,157.7,1009.6,58.3,15.1,232.1,20,8,30,2023-07-05T06:28:09,2023-07-05T18:03:21,0.56,"Rain, Partially cloudy",Partly cloudy throughout the day with afternoon rain.,rain,"92035099999,remote,AYPY"
Papua New Guinea,2023-07-06,30,24.7,27.5,36.3,24.7,30.7,24.8,86,3,100,4.17,rain,0,0,37.1,27.7,153.2,1009.4,78.3,12.5,183,15.8,7,30,2023-07-06T06:28:15,2023-07-06T18:03:36,0.59,"Rain, Partially cloudy",Partly cloudy throughout the day with late afternoon rain.,rain,"92035099999,remote,AYPY"
Papua New Guinea,2023-07-07,30.1,24.4,26.8,36.3,24.4,28.8,24.4,87.2,7.2,100,8.33,rain,0,0,40.7,37.1,142,1009.3,77.8,13.4,161.6,13.8,7,30,2023-07-07T06:28:21,2023-07-07T18:03:51,0.63,"Rain, Partially cloudy",Partly cloudy throughout the day with rain.,rain,"92035099999,remote,AYPY"
Papua New Guinea,2023-07-08,28,23.9,25.8,32,23.9,27.1,23.4,87.1,0,0,0,,0,0,46.4,27.7,145.1,1010.7,83,14.6,177.7,15.2,7,10,2023-07-08T06:28:25,2023-07-08T18:04:05,0.66,Partially cloudy,Partly cloudy throughout the day.,partly-cloudy-day,"92035099999,remote,AYPY"
Papua New Guinea,2023-07-09,27.7,24,25.8,30.6,24,26.8,22.8,84.1,0,0,0,rain,0,0,38.2,27.7,141.3,1009.9,71.9,15.9,221,19.2,8,30,2023-07-09T06:28:30,2023-07-09T18:04:20,0.7,Partially cloudy,Partly cloudy throughout the day.,partly-cloudy-day,"92035099999,remote,AYPY"
Papua New Guinea,2023-07-10,30,24,26.1,34.2,24,27.4,23.1,83.8,0,0,0,,0,0,37.1,31.7,146.3,1009.4,60.1,12.5,204.3,17.5,8,10,2023-07-10T06:28:33,2023-07-10T18:04:34,0.75,Partially cloudy,Partly cloudy throughout the day.,partly-cloudy-day,"92035099999,remote,AYPY"
Papua New Guinea,2023-07-11,31,22,26.3,36.6,22,28.1,22.9,82.2,0,0,0,,0,0,32.4,37.1,145.5,1009.5,53,13.9,190.6,16.5,7,30,2023-07-11T06:28:36,2023-07-11T18:04:48,0.77,Partially cloudy,Partly cloudy throughout the day.,partly-cloudy-day,"92035099999,remote,AYPY"
Papua New Guinea,2023-07-12,30.7,24.2,27,35.3,24.2,28.3,22.5,77,0,0,0,,0,0,46.4,37.1,147.3,1010.5,49.9,15.1,244.4,21.1,8,10,2023-07-12T06:28:38,2023-07-12T18:05:02,0.8,Partially cloudy,Partly cloudy throughout the day.,partly-cloudy-day,"92035099999,remote,AYPY"
Papua New Guinea,2023-07-13,31,21,26,34.6,21,27.3,21.4,77.2,0,0,0,,0,0,46.4,33.1,148.8,1009.8,52.2,14.4,232.5,20.1,8,10,2023-07-13T06:28:39,2023-07-13T18:05:16,0.84,Partially cloudy,Becoming cloudy in the afternoon.,partly-cloudy-day,"92035099999,remote,AYPY"
Papua New Guinea,2023-07-14,32,23,26.5,35.9,23,28,21.8,76.3,0,0,0,,0,0,42.8,37.1,148.4,1010,33.2,12.4,244.6,21,8,10,2023-07-14T06:28:40,2023-07-14T18:05:30,0.87,Partially cloudy,Partly cloudy throughout the day.,partly-cloudy-day,"92035099999,AYPY"
Papua New Guinea,2023-07-15,31,22.8,26.3,35.4,22.8,27.2,20.6,71.9,0,0,0,,0,0,46.4,37.1,149.5,1009.5,28.8,14.1,239.5,20.7,8,10,2023-07-15T06:28:40,2023-07-15T18:05:44,0.91,Partially cloudy,Clearing in the afternoon.,partly-cloudy-day,"92035099999,remote,AYPY"
Papua New Guinea,2023-07-16,30,21.1,25.5,33.3,21.1,26.4,20.9,76.5,0,0,0,,0,0,46.4,37.1,147.1,1009.7,22.2,12.3,246.2,21.2,8,10,2023-07-16T06:28:39,2023-07-16T18:05:57,0.94,Partially cloudy,Partly cloudy throughout the day.,partly-cloudy-day,"92035099999,remote,AYPY"
Papua New Guinea,2023-07-17,30,21,25.9,34.2,21,27.2,22,80,0,0,0,rain,0,0,37.1,31.7,149.4,1010.6,40.2,14.1,244.6,21.2,8,10,2023-07-17T06:28:37,2023-07-17T18:06:10,0.98,Partially cloudy,Partly cloudy throughout the day.,partly-cloudy-day,"92035099999,remote,AYPY"
Papua New Guinea,2023-07-18,30,21,25.5,34.2,21,26.5,21.7,80.6,0,0,0,,0,0,37.1,27.7,151.3,1010.7,49.5,14.3,233.1,20.1,8,10,2023-07-18T06:28:34,2023-07-18T18:06:22,0,Partially cloudy,Partly cloudy throughout the day.,partly-cloudy-day,"92035099999,remote,AYPY"
Papua New Guinea,2023-07-19,30,20,25.1,32.6,20,26,20.7,77.9,0,0,0,,0,0,37.1,27.7,146,1011.1,36.9,14.8,247.8,21.4,9,10,2023-07-19T06:28:31,2023-07-19T18:06:35,0.04,Partially cloudy,Partly cloudy throughout the day.,partly-cloudy-day,"92035099999,remote,AYPY"
Papua New Guinea,2023-07-20,30,20,25.5,33.3,20,26.5,21,77.4,0,0,0,,0,0,37.1,27.7,148.8,1010.9,43.9,12.4,239.2,20.6,8,10,2023-07-20T06:28:27,2023-07-20T18:06:47,0.08,Partially cloudy,Partly cloudy throughout the day.,partly-cloudy-day,"92035099999,remote,AYPY"
Papua New Guinea,2023-07-21,30,22,25.7,34.6,22,26.7,21.5,78.1,0,0,0,rain,0,0,55.4,37.1,151,1012,51.6,13.2,183.1,15.7,7,10,2023-07-21T06:28:22,2023-07-21T18:06:59,0.11,Partially cloudy,Partly cloudy throughout the day.,partly-cloudy-day,"92035099999,remote,AYPY"
Papua New Guinea,2023-07-22,29,24,25.9,32,24,26.6,21.7,78.3,0,0,0,,0,0,46.4,37.1,155.1,1012.3,74.6,12.6,231.5,19.9,8,10,2023-07-22T06:28:17,2023-07-22T18:07:10,0.14,Partially cloudy,Partly cloudy throughout the day.,partly-cloudy-day,"92035099999,remote,AYPY"
Papua New Guinea,2023-07-23,29,22.8,25.4,30.8,22.8,25.9,19.8,72.1,0.1,100,4.17,rain,0,0,46.4,37.1,149.1,1011.9,82,13.7,206.6,17.8,8,10,2023-07-23T06:28:10,2023-07-23T18:07:21,0.18,"Rain, Partially cloudy",Partly cloudy throughout the day with early morning rain.,rain,"92035099999,remote,AYPY"
Papua New Guinea,2023-07-24,29,22.6,25.1,29.9,22.6,25.3,18.7,68.7,0.6,100,4.17,rain,0,0,23,18.4,172.2,1012.5,88.2,14.9,246.5,21.2,9,10,2023-07-24T06:28:03,2023-07-24T18:07:32,0.21,"Rain, Partially cloudy",Partly cloudy throughout the day with late afternoon rain.,rain,"92035099999,remote,AYPY"
Papua New Guinea,2023-07-25,30,20,24.9,31.9,20,25.4,19.8,74.8,0,0,0,,0,0,37.1,27.7,150.7,1013.8,56.2,14.2,238,20.5,9,10,2023-07-25T06:27:55,2023-07-25T18:07:42,0.24,Partially cloudy,Partly cloudy throughout the day.,partly-cloudy-day,"92035099999,remote,AYPY"
Papua New Guinea,2023-07-26,30,19.9,25,34.6,19.9,25.9,20.5,77.3,0,0,0,,0,0,37.1,27.7,143.5,1013.7,52.8,13.6,245.1,21.1,8,10,2023-07-26T06:27:46,2023-07-26T18:07:53,0.25,Partially cloudy,Partly cloudy throughout the day.,partly-cloudy-day,"92035099999,remote,AYPY"
Papua New Guinea,2023-07-27,30.4,22.7,25.8,42.3,22.7,27,22.4,82.3,0.1,100,4.17,rain,0,0,41.4,37.1,147.6,1013,68.4,14.2,179.3,15.5,8,10,2023-07-27T06:27:36,2023-07-27T18:08:02,0.31,"Rain, Partially cloudy",Partly cloudy throughout the day with afternoon rain.,rain,"92035099999,remote,AYPY"
Papua New Guinea,2023-07-28,29,23.9,25.8,32.8,23.9,26.7,22.4,81.7,0,0,0,,0,0,39.2,29.5,148.3,1012.7,83.9,14.5,206.3,17.7,7,10,2023-07-28T06:27:26,2023-07-28T18:08:11,0.34,Partially cloudy,Partly cloudy throughout the day.,partly-cloudy-day,"92035099999,remote,AYPY"
Papua New Guinea,2023-07-29,29,24,25.9,32.8,24,27,22.3,80.8,0.6,100,4.17,rain,0,0,37.1,37.1,146.7,1012,72,13.6,189.6,16.3,7,10,2023-07-29T06:27:14,2023-07-29T18:08:20,0.38,"Rain, Partially cloudy",Partly cloudy throughout the day with early morning rain.,rain,"92035099999,remote,AYPY"
Papua New Guinea,2023-07-30,31,23,26.7,35.5,23,28.1,22.1,76.2,0,0,0,rain,0,0,46.4,28.4,148.6,1011.7,52.4,12.9,222.7,19.1,7,10,2023-07-30T06:27:02,2023-07-30T18:08:29,0.41,Partially cloudy,Partly cloudy throughout the day.,partly-cloudy-day,"92035099999,remote,AYPY"
Papua New Guinea,2023-07-31,29.1,23.6,25.8,33.6,23.6,26.8,22.5,82.3,0.5,100,12.5,rain,0,0,46.4,27.7,148.2,1013,70.5,15.8,157.6,13.6,6,10,2023-07-31T06:26:49,2023-07-31T18:08:37,0.44,"Rain, Partially cloudy",Partly cloudy throughout the day with rain.,rain,"92035099999,remote,AYPY"
Papua New Guinea,2023-08-01,31,24,26.7,35.5,24,28.3,22.2,76.8,0,0,0,,0,0,55.4,37.1,147.9,1012.6,57.2,12.5,231.6,19.9,8,10,2023-08-01T06:26:36,2023-08-01T18:08:44,0.48,Partially cloudy,Clearing in the afternoon.,partly-cloudy-day,"92035099999,remote,AYPY"
Papua New Guinea,2023-08-02,32,22.6,26.9,34.9,22.6,27.9,21,71.4,0,0,0,,0,0,46.4,37.1,149.9,1012.2,40.8,14.5,257.2,22.4,9,10,2023-08-02T06:26:21,2023-08-02T18:08:51,0.5,Partially cloudy,Partly cloudy throughout the day.,partly-cloudy-day,"92035099999,remote,AYPY"
Papua New Guinea,2023-08-03,31,20,25.4,33.8,20,26.2,20.9,76.3,0,0,0,,0,0,55.4,46.4,150.2,1014.3,37.4,14.9,260.5,22.2,9,10,2023-08-03T06:26:06,2023-08-03T18:08:58,0.54,Partially cloudy,Partly cloudy throughout the day.,partly-cloudy-day,"92035099999,remote,AYPY"
Papua New Guinea,2023-08-04,31,23.3,26.3,33.3,23.3,27.1,20.2,69.9,0,0,0,,0,0,50,37.1,153.9,1015.1,26.7,15.1,256.8,22.1,9,10,2023-08-04T06:25:50,2023-08-04T18:09:05,0.58,Partially cloudy,Partly cloudy throughout the day.,partly-cloudy-day,"92035099999,remote,AYPY"
Papua New Guinea,2023-08-05,29,21.9,25.2,30.8,21.9,25.8,20,73.6,0,0,0,rain,0,0,55.4,37.1,150.7,1015.2,58.1,14.8,229.4,19.8,8,10,2023-08-05T06:25:33,2023-08-05T18:09:10,0.61,Partially cloudy,Partly cloudy throughout the day.,partly-cloudy-day,"92035099999,remote,AYPY"
Papua New Guinea,2023-08-06,28.1,20,24.2,29.7,20,24.6,18.9,73.6,0,0,0,rain,0,0,46.4,29.5,149.5,1014.5,50.8,16.5,222.5,19.3,7,10,2023-08-06T06:25:15,2023-08-06T18:09:16,0.65,Partially cloudy,Partly cloudy throughout the day.,partly-cloudy-day,"92035099999,remote,AYPY"
Papua New Guinea,2023-08-07,29,17,23.9,30.8,17,24.4,19,75.6,0,0,0,,0,0,37.1,27.7,150.2,1014,31.6,14.2,262.9,22.8,9,10,2023-08-07T06:24:57,2023-08-07T18:09:21,0.68,Partially cloudy,Partly cloudy throughout the day.,partly-cloudy-day,"92035099999,remote,AYPY"
Papua New Guinea,2023-08-08,29,19,24,31.4,19,24.6,19.7,77.3,0,0,0,rain,0,0,55.4,37.1,148.7,1014.8,49.3,15.2,216.8,18.7,7,10,2023-08-08T06:24:38,2023-08-08T18:09:25,0.75,Partially cloudy,Partly cloudy throughout the day.,partly-cloudy-day,"92035099999,remote,AYPY"
Papua New Guinea,2023-08-09,30,22,25.8,30.9,22,26.2,18.2,63.3,0,0,0,,0,0,55.4,37.1,148.4,1015.5,53.3,13.6,215.5,18.5,8,10,2023-08-09T06:24:18,2023-08-09T18:09:30,0.75,Partially cloudy,Clearing in the afternoon.,partly-cloudy-day,"92035099999,remote,AYPY"
Papua New Guinea,2023-08-10,30,21.4,25.8,31.7,21.4,26.2,18.6,65.1,0,0,0,,0,0,64.8,37.8,147.1,1014.7,49.9,15.5,254.9,22.1,9,10,2023-08-10T06:23:57,2023-08-10T18:09:33,0.78,Partially cloudy,Partly cloudy throughout the day.,partly-cloudy-day,"92035099999,remote,AYPY"
Papua New Guinea,2023-08-11,31,18,25.3,31.9,18,25.7,17.9,64.9,0,0,0,,0,0,55.4,37.1,155.4,1013.4,21.2,13.9,266.8,23.1,9,10,2023-08-11T06:23:36,2023-08-11T18:09:37,0.82,Partially cloudy,Partly cloudy throughout the day.,partly-cloudy-day,"92035099999,remote,AYPY"
Papua New Guinea,2023-08-12,30.4,19,24.8,32.6,19,25.3,18.7,69.9,0,0,0,,0,0,46.4,37.1,144.3,1012.9,49,15.4,270.8,23.4,9,10,2023-08-12T06:23:14,2023-08-12T18:09:39,0.85,Partially cloudy,Partly cloudy throughout the day.,partly-cloudy-day,"92035099999,remote,AYPY"
Papua New Guinea,2023-08-13,29,20.7,24.7,31.5,20.7,25.2,20.3,77.5,0,0,0,rain,0,0,46.4,37.1,149.5,1013.8,58.1,15.2,162,14.1,7,10,2023-08-13T06:22:51,2023-08-13T18:09:42,0.89,Partially cloudy,Partly cloudy throughout the day.,partly-cloudy-day,"92035099999,remote,AYPY"
Papua New Guinea,2023-08-14,30,22,25.5,31.9,22,26.2,20.5,74.3,0,0,0,,0,0,46.4,29.9,147.7,1013.4,62,15.5,253.1,21.8,9,10,2023-08-14T06:22:28,2023-08-14T18:09:44,0.92,Partially cloudy,Partly cloudy throughout the day.,partly-cloudy-day,"92035099999,remote,AYPY"
Papua New Guinea,2023-08-15,30,22.7,26.2,33.3,22.7,27.1,21,74.1,0,0,0,,0,0,55.4,37.1,150,1013.2,52.9,13.8,212.8,18.3,9,10,2023-08-15T06:22:03,2023-08-15T18:09:46,0.95,Partially cloudy,Partly cloudy throughout the day.,partly-cloudy-day,"92035099999,remote,AYPY"
Papua New Guinea,2023-08-16,30,24,26,33.3,24,26.8,21.3,75.9,0,0,0,,0,0,37.8,37.1,150.3,1012.9,80.6,14,245,21.2,8,10,2023-08-16T06:21:39,2023-08-16T18:09:47,0,Partially cloudy,Partly cloudy throughout the day.,partly-cloudy-day,"92035099999,remote,AYPY"
Papua New Guinea,2023-08-17,30,21.9,26,33.3,21.9,27,21.2,75.8,0,0,0,,0,0,46.4,37.1,150.3,1011.7,56.8,13.3,226.3,19.6,9,10,2023-08-17T06:21:13,2023-08-17T18:09:48,0.02,Partially cloudy,Partly cloudy throughout the day.,partly-cloudy-day,"92035099999,remote,AYPY"
Papua New Guinea,2023-08-18,31,22.7,26.6,33.8,22.7,27.5,21.2,73.4,0,0,0,,0,0,46.4,37.1,150.4,1012.2,63.6,13.1,259.5,22.4,9,10,2023-08-18T06:20:47,2023-08-18T18:09:48,0.06,Partially cloudy,Partly cloudy throughout the day.,partly-cloudy-day,"92035099999,remote,AYPY"
Papua New Guinea,2023-08-19,30,21.8,26,33.7,21.8,26.9,20.6,72.7,0,0,0,,0,0,46.4,37.1,146.1,1014,70.8,13.9,239.2,20.6,8,10,2023-08-19T06:20:20,2023-08-19T18:09:48,0.09,Partially cloudy,Partly cloudy throughout the day.,partly-cloudy-day,"92035099999,remote,AYPY"
Papua New Guinea,2023-08-20,31,20.8,25.6,32.4,20.8,25.9,17.9,63.4,0,0,0,,0,0,55.4,37.1,143.6,1013.1,54.8,14.9,263.8,22.8,9,10,2023-08-20T06:19:53,2023-08-20T18:09:48,0.13,Partially cloudy,Partly cloudy throughout the day.,partly-cloudy-day,"92035099999,remote,AYPY"
Papua New Guinea,2023-08-21,32,20,25.4,34.2,20,25.9,19.3,70.9,0,0,0,,0,0,46.4,29,156,1012.6,33.2,12.8,273.3,23.5,9,10,2023-08-21T06:19:25,2023-08-21T18:09:47,0.16,Partially cloudy,Partly cloudy throughout the day.,partly-cloudy-day,"92035099999,remote,AYPY"
Papua New Guinea,2023-08-22,31,22,26,35.5,22,27.3,22,79.2,0,0,0,rain,0,0,46.4,37.1,151.3,1012.3,54.8,13,210.4,18.2,8,10,2023-08-22T06:18:57,2023-08-22T18:09:46,0.19,Partially cloudy,Partly cloudy throughout the day.,partly-cloudy-day,"92035099999,remote,AYPY"
Papua New Guinea,2023-08-23,29.4,24.2,26.5,33.6,24.2,27.9,22.8,80.6,0,0,0,,0,0,46.4,37.4,153.3,1012,73.4,14.6,251.4,21.6,9,10,2023-08-23T06:18:28,2023-08-23T18:09:44,0.23,Partially cloudy,Partly cloudy throughout the day.,partly-cloudy-day,"92035099999,remote,AYPY"
Papua New Guinea,2023-08-24,31,23.1,27,36.6,23.1,28.7,22.8,78.8,0,0,0,rain,0,0,55.4,37.1,153.8,1010.4,65.9,12.9,218.8,18.9,9,10,2023-08-24T06:17:58,2023-08-24T18:09:43,0.25,Partially cloudy,Partly cloudy throughout the day.,partly-cloudy-day,"92035099999,remote,AYPY"
Papua New Guinea,2023-08-25,28,23,25.5,30.7,23,26.1,21.6,79.6,3,100,4.17,rain,0,0,64.8,37.1,145.3,1010.1,65.6,15.4,262.6,22.8,9,10,2023-08-25T06:17:28,2023-08-25T18:09:40,0.3,"Rain, Partially cloudy",Partly cloudy throughout the day with late afternoon rain.,rain,"92035099999,remote,AYPY"
Papua New Guinea,2023-08-26,31,23.4,26,34.6,23.4,26.8,20.9,74.2,0,0,0,rain,0,0,46.4,37.1,144.5,1009.8,70.1,10.6,187.3,16.2,8,10,2023-08-26T06:16:58,2023-08-26T18:09:38,0.33,Partially cloudy,Partly cloudy throughout the day.,partly-cloudy-day,"92035099999,remote,AYPY"
Papua New Guinea,2023-08-27,29,22.8,25.3,32.8,22.8,25.8,20.7,75.9,0,0,0,rain,0,0,55.4,37.1,144.7,1010.8,84.5,13.5,87.6,7.7,5,10,2023-08-27T06:16:27,2023-08-27T18:09:35,0.36,Partially cloudy,Partly cloudy throughout the day.,partly-cloudy-day,"92035099999,remote,AYPY"
Papua New Guinea,2023-08-28,30,22.5,26.1,33.3,22.5,27,20.5,72,0,0,0,,0,0,46.4,27.7,148.5,1010.2,89.9,14.5,222.2,19.4,8,10,2023-08-28T06:15:55,2023-08-28T18:09:32,0.4,Partially cloudy,Partly cloudy throughout the day.,partly-cloudy-day,"92035099999,remote,AYPY"
Papua New Guinea,2023-08-29,30,23.3,26.4,33.3,23.3,27.2,20.7,71.6,0,0,0,,0,0,55.4,37.1,154,1010.9,63.8,15.3,192.6,16.7,9,10,2023-08-29T06:15:23,2023-08-29T18:09:29,0.43,Partially cloudy,Partly cloudy throughout the day.,partly-cloudy-day,"92035099999,remote,AYPY"
Papua New Guinea,2023-08-30,30,22.3,25.8,31.9,22.3,26.3,19.4,68.4,0,0,0,,0,0,46.4,37.1,152.8,1011.7,58.1,13.9,246,21.4,9,10,2023-08-30T06:14:51,2023-08-30T18:09:25,0.47,Partially cloudy,Partly cloudy throughout the day.,partly-cloudy-day,"92035099999,remote,AYPY"
Papua New Guinea,2023-08-31,30,21,25.2,32.6,21,25.7,19.2,70.2,0,0,0,,0,0,37.1,27.7,150.9,1013.2,52.6,16.5,252,21.7,9,10,2023-08-31T06:14:18,2023-08-31T18:09:21,0.5,Partially cloudy,Becoming cloudy in the afternoon.,partly-cloudy-day,"92035099999,remote,AYPY"
Papua New Guinea,2023-09-01,30,20,24.8,31.6,20,25.3,19.5,73.6,0,0,0,,0,0,37.1,27.7,146.5,1013,46.2,13.6,245.2,21.3,9,10,2023-09-01T06:13:45,2023-09-01T18:09:17,0.53,Partially cloudy,Partly cloudy throughout the day.,partly-cloudy-day,"92035099999,remote,AYPY"
Papua New Guinea,2023-09-02,30,20.9,25.7,32.6,20.9,26.3,19.3,68.8,0,0,0,,0,0,42.5,27.7,148.2,1012.1,48.8,13.5,269.4,23.2,9,10,2023-09-02T06:13:11,2023-09-02T18:09:13,0.57,Partially cloudy,Partly cloudy throughout the day.,partly-cloudy-day,"92035099999,remote,AYPY"
Papua New Guinea,2023-09-03,31,20.7,26.1,33.1,20.7,26.7,19.8,69.4,0,0,0,,0,0,46.4,27.7,155.2,1011.4,48.6,15.1,286.8,24.6,10,10,2023-09-03T06:12:37,2023-09-03T18:09:08,0.6,Partially cloudy,Clearing in the afternoon.,partly-cloudy-day,"92035099999,remote,AYPY"
Papua New Guinea,2023-09-04,30,22.7,26,34.2,22.7,27.1,21.3,75.5,0,0,0,,0,0,46.4,27.7,150.5,1011.7,57.5,14.1,230.4,20,9,10,2023-09-04T06:12:03,2023-09-04T18:09:04,0.63,Partially cloudy,Partly cloudy throughout the day.,partly-cloudy-day,"92035099999,remote,AYPY"
Papua New Guinea,2023-09-05,30,24,26.5,34.2,24,28,22.6,79.5,0,0,0,rain,0,0,46.4,37.1,152.9,1011.2,70.8,13.6,233.6,20.2,9,10,2023-09-05T06:11:29,2023-09-05T18:08:59,0.67,Partially cloudy,Partly cloudy throughout the day.,partly-cloudy-day,"92035099999,AYPY"
Papua New Guinea,2023-09-06,32,24,26.8,36.8,24,28.6,23.3,81.5,0.3,100,8.33,rain,0,0,42.1,37.1,152,1010.1,60.8,15.2,269.5,23.3,9,30,2023-09-06T06:10:54,2023-09-06T18:08:53,0.7,"Rain, Partially cloudy",Partly cloudy throughout the day with rain.,rain,"92035099999,remote,AYPY"
Papua New Guinea,2023-09-07,33,24,27.4,39.3,24,30,23.8,81.6,1.2,100,8.33,rain,0,0,27.7,18.4,107.2,1009.8,60.5,14.7,256.5,22,9,30,2023-09-07T06:10:19,2023-09-07T18:08:48,0.75,"Rain, Partially cloudy",Partly cloudy throughout the day with rain.,rain,"92035099999,remote,AYPY"
Papua New Guinea,2023-09-08,31,24,26.5,36.6,24,28.2,23.6,85,1.1,100,8.33,rain,0,0,24.8,27.7,169,1010.7,65.5,18.3,262.8,22.6,9,10,2023-09-08T06:09:43,2023-09-08T18:08:43,0.77,"Rain, Partially cloudy",Partly cloudy throughout the day with rain.,rain,"92035099999,remote,AYPY"
Papua New Guinea,2023-09-09,33,23.6,27.6,39.3,23.6,29.7,22.9,76.8,0,0,0,,0,0,46.4,32.4,149.8,1009.4,62,19.6,256.4,22.1,9,10,2023-09-09T06:09:07,2023-09-09T18:08:37,0.8,Partially cloudy,Partly cloudy throughout the day.,partly-cloudy-day,"92035099999,remote,AYPY"
Papua New Guinea,2023-09-10,31,23.1,26.6,34.6,23.1,27.8,21.7,75.6,1,100,4.17,rain,0,0,55.4,37.1,143.9,1010.3,84.2,17.3,218.6,19,9,10,2023-09-10T06:08:32,2023-09-10T18:08:31,0.83,"Rain, Partially cloudy",Partly cloudy throughout the day with late afternoon rain.,rain,"92035099999,remote,AYPY"
Papua New Guinea,2023-09-11,30,23.7,25.9,32,23.7,26.7,21.5,77.1,0.2,100,4.17,rain,0,0,55.4,37.1,150.8,1011.3,78.1,14.1,95.9,8.3,7,10,2023-09-11T06:07:56,2023-09-11T18:08:26,0.87,"Rain, Partially cloudy",Partly cloudy throughout the day with early morning rain.,rain,"92035099999,remote,AYPY"
Papua New Guinea,2023-09-12,31,23.7,26.3,33.8,23.7,27,20.6,71.7,0,0,0,,0,0,64.8,37.1,149.6,1011.1,61.9,14.2,184.8,16,9,10,2023-09-12T06:07:19,2023-09-12T18:08:20,0.9,Partially cloudy,Partly cloudy throughout the day.,partly-cloudy-day,"92035099999,remote,AYPY"
Papua New Guinea,2023-09-13,32,23.9,26.8,35,23.9,27.8,20.3,68.7,0,0,0,,0,0,46.4,46.4,150.5,1012.1,63.8,13.5,146.7,12.7,8,10,2023-09-13T06:06:43,2023-09-13T18:08:14,0.93,Partially cloudy,Partly cloudy throughout the day.,partly-cloudy-day,"92035099999,remote,AYPY"
Papua New Guinea,2023-09-14,30.7,23.5,25.9,32.6,23.5,26.4,20.2,71.9,0,0,0,,0,0,64.8,46.4,148.4,1013.7,48,16.7,278,24,9,10,2023-09-14T06:06:06,2023-09-14T18:08:08,0.97,Partially cloudy,Partly cloudy throughout the day.,partly-cloudy-day,"92035099999,remote,AYPY"
Papua New Guinea,2023-09-15,30.5,23,25.5,31.4,23,25.8,18,64.3,0,0,0,,0,0,64.8,46.4,148.5,1013.8,52.1,13.3,278.5,24,10,10,2023-09-15T06:05:30,2023-09-15T18:08:02,0,Partially cloudy,Clearing in the afternoon.,partly-cloudy-day,"92035099999,remote,AYPY"
Papua New Guinea,2023-09-16,30.4,21.8,25.8,30.8,21.8,25.8,15.8,55.1,0,0,0,,0,0,46.4,37.1,147.5,1014,48.7,14.7,301.5,26,10,10,2023-09-16T06:04:53,2023-09-16T18:07:56,0.04,Partially cloudy,Partly cloudy throughout the day.,partly-cloudy-day,"92035099999,remote,AYPY"
Papua New Guinea,2023-09-17,31,19,24.7,31.4,19,25,17.8,67.1,0,0,0,,0,0,46.4,27.7,141.9,1013.6,41.3,13.5,312.4,27,10,10,2023-09-17T06:04:16,2023-09-17T18:07:50,0.07,Partially cloudy,Partly cloudy throughout the day.,partly-cloudy-day,"92035099999,remote,AYPY"
Papua New Guinea,2023-09-18,31,21,25.6,32.6,21,26.1,19.6,71,0,0,0,,0,0,46.4,37.1,152.8,1012.4,46.1,14.6,306,26.4,10,10,2023-09-18T06:03:39,2023-09-18T18:07:44,0.11,Partially cloudy,Partly cloudy throughout the day.,partly-cloudy-day,"92035099999,remote,AYPY"
Papua New Guinea,2023-09-19,30,20,26,33.3,20,27.2,21.5,77.6,0,0,0,rain,0,0,37.1,22.3,142.5,1011.1,53.9,13.3,274.1,23.7,9,10,2023-09-19T06:03:03,2023-09-19T18:07:38,0.14,Partially cloudy,Partly cloudy throughout the day.,partly-cloudy-day,"92035099999,remote,AYPY"
Papua New Guinea,2023-09-20,29,24,26.5,33.6,24,28.3,23.6,84.5,2,100,4.17,rain,0,0,37.1,27.7,156.7,1011.7,85.1,11.5,236.5,20.4,9,10,2023-09-20T06:02:26,2023-09-20T18:07:32,0.17,"Rain, Partially cloudy",Partly cloudy throughout the day with morning rain.,rain,"92035099999,remote,AYPY"
Papua New Guinea,2023-09-21,32,24,27,36.8,24,28.2,22.2,76,0,0,0,,0,0,46.4,28.4,148,1011.1,57.4,13.5,253.6,22,9,10,2023-09-21T06:01:49,2023-09-21T18:07:26,0.21,Partially cloudy,Partly cloudy throughout the day.,partly-cloudy-day,"92035099999,remote,AYPY"
Papua New Guinea,2023-09-22,31,22.5,26.5,35.5,22.5,27.8,22.3,78.3,0,0,0,rain,0,0,37.1,27.7,160.1,1010.3,62.3,12.9,292.3,25.2,10,10,2023-09-22T06:01:12,2023-09-22T18:07:20,0.24,Partially cloudy,Partly cloudy throughout the day.,partly-cloudy-day,"92035099999,remote,AYPY"
Papua New Guinea,2023-09-23,29.7,23.7,26.1,33.6,23.7,27.4,23,83.4,2,100,4.17,rain,0,0,55.4,37.1,155.9,1009.4,74.1,14.4,258,22.3,9,10,2023-09-23T06:00:35,2023-09-23T18:07:15,0.25,"Rain, Partially cloudy",Partly cloudy throughout the day with early morning rain.,rain,"92035099999,remote,AYPY"
Papua New Guinea,2023-09-24,29,23.4,26.4,32,23.4,27.3,21.8,76.8,0.2,100,4.17,rain,0,0,55.4,37.1,148.3,1008,79,14.8,267.3,23.2,9,10,2023-09-24T05:59:59,2023-09-24T18:07:09,0.31,"Rain, Partially cloudy",Partly cloudy throughout the day with early morning rain.,rain,"92035099999,remote,AYPY"
Papua New Guinea,2023-09-25,31,22.8,26.8,35.5,22.8,28.2,22.1,76.1,0.4,100,8.33,rain,0,0,46.4,46.4,148.9,1009.2,78.4,13.8,181,15.6,8,10,2023-09-25T05:59:22,2023-09-25T18:07:04,0.35,"Rain, Partially cloudy",Partly cloudy throughout the day with rain clearing later.,rain,"92035099999,remote,AYPY"
Papua New Guinea,2023-09-26,30,23.3,26.3,34.2,23.3,27.6,22.5,80.2,4.9,100,8.33,rain,0,0,55.4,48.2,150.7,1010,83,13.1,101.6,8.6,7,10,2023-09-26T05:58:46,2023-09-26T18:06:59,0.38,"Rain, Partially cloudy",Partly cloudy throughout the day with early morning rain.,rain,"92035099999,remote,AYPY"
Papua New Guinea,2023-09-27,30,23.7,27.1,34.2,23.7,28.8,22.4,76.4,0,0,0,rain,0,0,46.4,37.1,148.1,1010.2,78.7,14.7,186.8,16.3,7,10,2023-09-27T05:58:10,2023-09-27T18:06:54,0.42,Partially cloudy,Partly cloudy throughout the day.,partly-cloudy-day,"92035099999,remote,AYPY"
Papua New Guinea,2023-09-28,32,24,27.5,38,24,29.5,22.5,74.9,0,0,0,,0,0,46.4,27.7,146.5,1010.7,54,15.2,285.3,24.5,10,10,2023-09-28T05:57:34,2023-09-28T18:06:49,0.45,Partially cloudy,Partly cloudy throughout the day.,partly-cloudy-day,"92035099999,remote,AYPY"
Papua New Guinea,2023-09-29,32,23.7,27.3,35.8,23.7,28.8,21.8,72.9,0,0,0,,0,0,40,37.1,156.1,1010.5,51.7,14.4,271.8,23.4,10,10,2023-09-29T05:56:58,2023-09-29T18:06:44,0.5,Partially cloudy,Partly cloudy throughout the day.,partly-cloudy-day,"92035099999,remote,AYPY"
Papua New Guinea,2023-09-30,32,21,26.8,36.8,21,28.3,22.2,76.6,0,0,0,,0,0,55.4,37.1,149.3,1010.9,54.4,15.4,299.5,25.9,10,10,2023-09-30T05:56:22,2023-09-30T18:06:40,0.52,Partially cloudy,Partly cloudy throughout the day.,partly-cloudy-day,"92035099999,remote,AYPY"
Papua New Guinea,2023-10-01,32,24.5,27.1,38,24.5,29.1,22.9,78.3,0.1,100,4.17,rain,0,0,46.4,31.7,149.4,1010.6,74.4,14.9,185.3,16.1,9,10,2023-10-01T05:55:47,2023-10-01T18:06:36,0.55,"Rain, Partially cloudy",Partly cloudy throughout the day with morning rain.,rain,"92035099999,remote,AYPY"
Papua New Guinea,2023-10-02,31.1,24.1,27.6,36.6,24.1,29.9,23.1,77.4,0.3,100,8.33,rain,0,0,55.4,37.1,147.3,1011.1,64,15.4,272.5,23.6,10,10,2023-10-02T05:55:12,2023-10-02T18:06:32,0.59,"Rain, Partially cloudy",Partly cloudy throughout the day with early morning rain.,rain,"92035099999,remote,AYPY"
Papua New Guinea,2023-10-03,31.4,24.3,26.9,36.6,24.3,28.6,23.2,80.5,0.2,100,8.33,rain,0,0,46.4,40.7,149.3,1011.6,57.6,14.8,214.4,18.6,9,10,2023-10-03T05:54:37,2023-10-03T18:06:28,0.62,"Rain, Partially cloudy",Partly cloudy throughout the day with rain.,rain,"92035099999,remote,AYPY"
Papua New Guinea,2023-10-04,31,24.7,26.8,36.6,24.7,28.5,23,80.2,0.6,100,4.17,rain,0,0,46.4,27.7,152.2,1012.4,77.1,12.4,262,22.6,10,10,2023-10-04T05:54:02,2023-10-04T18:06:25,0.65,"Rain, Partially cloudy",Partly cloudy throughout the day with early morning rain.,rain,"92035099999,remote,AYPY"
Papua New Guinea,2023-10-05,31,24,25.8,35.5,24,26.7,23.1,85.8,0.2,100,4.17,rain,0,0,37.1,27.7,156.6,1012.5,82.4,12.9,250.9,21.8,9,10,2023-10-05T05:53:28,2023-10-05T18:06:22,0.68,"Rain, Partially cloudy",Partly cloudy throughout the day with early morning rain.,rain,"92035099999,remote,AYPY"
Papua New Guinea,2023-10-06,29,24,25,33.6,24,25.7,23.4,91.1,35,100,8.33,rain,0,0,37.1,27.7,183.3,1011.2,97.9,10.6,175.6,15.2,7,10,2023-10-06T05:52:54,2023-10-06T18:06:19,0.75,"Rain, Overcast",Cloudy skies throughout the day with rain in the morning and afternoon.,rain,"92035099999,remote,AYPY"
Papua New Guinea,2023-10-07,31,23.6,26.5,35.5,23.6,28,22.3,78.6,40,100,8.33,rain,0,0,46.4,37.1,146.9,1010.6,68.3,15,285.8,24.7,9,10,2023-10-07T05:52:21,2023-10-07T18:06:17,0.75,"Rain, Partially cloudy",Partly cloudy throughout the day with rain clearing later.,rain,"92035099999,remote,AYPY"
Papua New Guinea,2023-10-08,31,22.6,26.3,33.1,22.6,27.2,20.5,71,0,0,0,,0,0,55.4,37.1,149.3,1011.6,43.4,15.2,317,27.5,10,10,2023-10-08T05:51:48,2023-10-08T18:06:15,0.78,Partially cloudy,Partly cloudy throughout the day.,partly-cloudy-day,"92035099999,remote,AYPY"
Papua New Guinea,2023-10-09,31,22.2,26.4,35.5,22.2,27.6,21.7,76.5,0,0,0,rain,0,0,46.4,46.4,150.2,1011.8,48.1,15.5,275.3,23.9,9,10,2023-10-09T05:51:15,2023-10-09T18:06:14,0.82,Partially cloudy,Partly cloudy throughout the day.,partly-cloudy-day,"92035099999,remote,AYPY"
Papua New Guinea,2023-10-10,28,23.4,25.4,32,23.4,26.3,23.5,89.2,10,100,8.33,rain,0,0,46.4,37.1,152.2,1011.3,90.1,10.1,53.5,4.7,3,10,2023-10-10T05:50:43,2023-10-10T18:06:13,0.85,"Rain, Overcast",Cloudy skies throughout the day with rain.,rain,"92035099999,remote,AYPY"
Papua New Guinea,2023-10-11,29,24,26.3,35.7,24,27.9,24.7,91.1,12,100,12.5,rain,0,0,51.1,37.1,155,1010.1,94.8,9.2,232.7,20.2,9,30,2023-10-11T05:50:12,2023-10-11T18:06:12,0.88,"Rain, Overcast",Cloudy skies throughout the day with rain.,rain,"92035099999,remote,AYPY"
Papua New Guinea,2023-10-12,30,24.3,26.9,37.5,24.3,29.1,25.1,90.3,0.7,100,4.17,rain,0,0,18.4,18.4,147.8,1011.5,76.7,12.5,238.8,20.6,9,30,2023-10-12T05:49:41,2023-10-12T18:06:12,0.91,"Rain, Partially cloudy",Partly cloudy throughout the day with morning rain.,rain,"92035099999,remote,AYPY"
Papua New Guinea,2023-10-13,27,23.6,25.3,30.7,23.6,25.4,23.9,92.6,2,100,4.17,rain,0,0,21.2,27.7,170,1012.7,87.6,11.7,253.3,21.9,8,10,2023-10-13T05:49:10,2023-10-13T18:06:12,0.95,"Rain, Partially cloudy",Partly cloudy throughout the day with afternoon rain.,rain,"92035099999,remote,AYPY"
Papua New Guinea,2023-10-14,30,24,26.6,37.5,24,28.8,24.2,87.1,0,0,0,,0,0,46.4,27.7,145.6,1011.3,73.3,13.5,299.9,26,10,30,2023-10-14T05:48:40,2023-10-14T18:06:13,0.98,Partially cloudy,Partly cloudy throughout the day.,partly-cloudy-day,"92035099999,remote,AYPY"
Papua New Guinea,2023-10-15,30,23.9,26.2,36.3,23.9,27.9,23.8,86.6,2.5,100,20.83,rain,0,0,46.4,37.1,146.4,1011.6,91.1,13,246.5,21.3,9,30,2023-10-15T05:48:10,2023-10-15T18:06:14,0,"Rain, Overcast",Cloudy skies throughout the day with rain.,rain,"92035099999,remote,AYPY"
Papua New Guinea,2023-10-16,30,23,26,35.2,23,27.4,23.5,86.4,5,100,4.17,rain,0,0,37.1,27.7,149.9,1011.9,82.2,13.5,224.6,19.4,8,30,2023-10-16T05:47:42,2023-10-16T18:06:16,0.05,"Rain, Partially cloudy",Partly cloudy throughout the day with morning rain.,rain,"92035099999,remote,AYPY"
Papua New Guinea,2023-10-17,31,24,26.6,37.8,24,28.4,24.2,87.2,0,0,0,rain,0,0,37.1,27.7,153.1,1011.6,72.5,13.2,284.3,24.6,10,30,2023-10-17T05:47:13,2023-10-17T18:06:18,0.08,Partially cloudy,Partly cloudy throughout the day.,partly-cloudy-day,"92035099999,AYPY"
Papua New Guinea,2023-10-18,29,25,26.5,34.6,25,28,24.1,86.7,2,100,4.17,rain,0,0,55.4,37.1,151.6,1012.1,73.5,14,280,24.1,10,30,2023-10-18T05:46:46,2023-10-18T18:06:21,0.12,"Rain, Partially cloudy",Partly cloudy throughout the day with morning rain.,rain,"92035099999,remote,AYPY"
Papua New Guinea,2023-10-19,30.7,24,26.8,36,24,28.7,23.6,83.5,0.9,100,12.5,rain,0,0,46.4,22.3,156.5,1011.5,62.9,16.7,289.5,24.9,9,30,2023-10-19T05:46:19,2023-10-19T18:06:24,0.15,"Rain, Partially cloudy",Partly cloudy throughout the day with rain.,rain,"92035099999,remote,AYPY"
Papua New Guinea,2023-10-20,29,24,25.9,34.6,24,27.1,23.9,88.9,2.4,100,8.33,rain,0,0,46.4,37.1,154.2,1010.9,92.8,13.8,269.8,23.4,8,30,2023-10-20T05:45:52,2023-10-20T18:06:28,0.19,"Rain, Overcast",Cloudy skies throughout the day with rain.,rain,"92035099999,remote,AYPY"
Papua New Guinea,2023-10-21,29,24,26.1,33.6,24,27.3,23.1,83.9,0.2,100,8.33,rain,0,0,46.4,27.7,150,1011.5,82.2,14.8,215.3,18.6,7,10,2023-10-21T05:45:27,2023-10-21T18:06:33,0.22,"Rain, Partially cloudy",Partly cloudy throughout the day with rain.,rain,"92035099999,remote,AYPY"
Papua New Guinea,2023-10-22,28.7,23.1,25.9,32.5,23.1,26.9,22.5,81.7,0.1,100,4.17,rain,0,0,37.1,37.1,155.3,1012.4,84.7,15.6,263,22.7,9,10,2023-10-22T05:45:02,2023-10-22T18:06:38,0.25,"Rain, Partially cloudy",Partly cloudy throughout the day with early morning rain.,rain,"92035099999,remote,AYPY"
Papua New Guinea,2023-10-23,30,23.5,26.2,33.3,23.5,27.2,21.5,76.1,0,0,0,,0,0,27.7,22.3,167.7,1012.3,69,15.1,327.2,28.4,10,10,2023-10-23T05:44:38,2023-10-23T18:06:44,0.3,Partially cloudy,Partly cloudy throughout the day.,partly-cloudy-day,"92035099999,remote,AYPY"
Papua New Guinea,2023-10-24,30,23.4,26.3,33.3,23.4,27.3,21.5,75.7,0.1,100,4.17,rain,0,0,27.7,27.7,166.3,1011.8,72.4,14.7,282.8,24.4,10,10,2023-10-24T05:44:14,2023-10-24T18:06:50,0.33,"Rain, Partially cloudy",Partly cloudy throughout the day with early morning rain.,rain,"92035099999,remote,AYPY"
Papua New Guinea,2023-10-25,30,22,26,33.3,22,26.9,21.2,75.9,0,0,0,rain,0,0,37.1,27.7,152.1,1011.6,63.9,15.1,192,16.6,8,10,2023-10-25T05:43:52,2023-10-25T18:06:57,0.37,Partially cloudy,Partly cloudy throughout the day.,partly-cloudy-day,"92035099999,remote,AYPY"
Papua New Guinea,2023-10-26,31,23.3,26.8,35.5,23.3,28.3,22,76.2,0.3,100,8.33,rain,0,0,27.7,22.3,149.7,1011.8,62.6,15.1,279.8,24.3,9,10,2023-10-26T05:43:30,2023-10-26T18:07:04,0.4,"Rain, Partially cloudy",Partly cloudy throughout the day with late afternoon rain.,rain,"92035099999,remote,AYPY"
Papua New Guinea,2023-10-27,31,23.6,26.8,36.6,23.6,28.5,23.5,83.2,0.6,100,4.17,rain,0,0,31.3,27.7,150.3,1011.2,80.5,14.8,274.8,23.7,10,10,2023-10-27T05:43:09,2023-10-27T18:07:13,0.44,"Rain, Partially cloudy",Partly cloudy throughout the day with late afternoon rain.,rain,"92035099999,remote,AYPY"
Papua New Guinea,2023-10-28,31,24,26.4,37.8,24,28.1,24.2,88.1,12,100,4.17,rain,0,0,26.3,27.7,157.2,1010.8,79,13.8,203.8,17.6,9,30,2023-10-28T05:42:49,2023-10-28T18:07:22,0.47,"Rain, Partially cloudy",Partly cloudy throughout the day with late afternoon rain.,rain,"92035099999,remote,AYPY"
Papua New Guinea,2023-10-29,29,24,26.3,34.6,24,28.3,23.7,86.3,2.7,100,16.67,rain,0,0,37.1,27.7,138.6,1010,79.1,15.8,199.2,17.2,9,30,2023-10-29T05:42:30,2023-10-29T18:07:31,0.5,"Rain, Partially cloudy",Partly cloudy throughout the day with rain.,rain,"92035099999,remote,AYPY"
Papua New Guinea,2023-10-30,31,23.9,26.2,37.8,23.9,27.7,23.2,84.1,2,100,4.17,rain,0,0,46.4,37.1,142.1,1010.4,83,16.1,245,21.3,9,30,2023-10-30T05:42:11,2023-10-30T18:07:41,0.54,"Rain, Partially cloudy",Partly cloudy throughout the day with late afternoon rain.,rain,"92035099999,remote,AYPY"
Papua New Guinea,2023-10-31,28.1,23,25.7,32,23,26.8,23.2,86.6,0.1,100,4.17,rain,0,0,46.4,27.7,140.2,1011.3,90.3,14.8,215.4,18.6,7,30,2023-10-31T05:41:54,2023-10-31T18:07:52,0.57,"Rain, Overcast",Cloudy skies throughout the day with afternoon rain.,rain,"92035099999,remote,AYPY"
Papua New Guinea,2023-11-01,30,23.6,26.2,36.3,23.6,27.7,23.5,85.3,99,100,4.17,rain,0,0,46.4,27.7,147.5,1010,86.3,16,247.5,21.4,9,30,2023-11-01T05:41:37,2023-11-01T18:08:04,0.6,"Rain, Partially cloudy",Partly cloudy throughout the day with late afternoon rain.,rain,"92035099999,remote,AYPY"
Papua New Guinea,2023-11-02,31,23.8,26.3,36.9,23.8,28,23.6,85.1,0,0,0,rain,0,0,37.1,27.7,121.9,1009.3,83.4,14,174.8,15.1,9,30,2023-11-02T05:41:22,2023-11-02T18:08:16,0.64,Partially cloudy,Partly cloudy throughout the day.,partly-cloudy-day,"92035099999,remote,AYPY"
Papua New Guinea,2023-11-03,30,23.6,26.3,36.3,23.6,28.1,23.4,84.5,0.2,100,4.17,rain,0,0,46.4,37.1,146.4,1008.9,82.2,14.2,216,18.6,9,30,2023-11-03T05:41:07,2023-11-03T18:08:29,0.67,"Rain, Partially cloudy",Partly cloudy throughout the day with late afternoon rain.,rain,"92035099999,remote,AYPY"
Papua New Guinea,2023-11-04,31.7,24.7,27.5,39.2,24.7,30.4,23.9,81.1,0.6,100,8.33,rain,0,0,37.1,37.1,139.9,1008.2,70.6,14,291.4,25.1,10,30,2023-11-04T05:40:53,2023-11-04T18:08:43,0.7,"Rain, Partially cloudy",Partly cloudy throughout the day with late afternoon rain.,rain,"92035099999,remote,AYPY"
Papua New Guinea,2023-11-05,29,24.1,26.3,34.6,24.1,27.5,24.2,88.4,1.4,100,12.5,rain,0,0,37.1,27.7,149.6,1009.7,90,12.2,216.8,18.6,9,10,2023-11-05T05:40:40,2023-11-05T18:08:57,0.75,"Rain, Partially cloudy",Partly cloudy throughout the day with a chance of rain throughout the day.,rain,"92035099999,remote,AYPY"
Papua New Guinea,2023-11-06,31,23.6,26.7,37.8,23.6,28.8,23.8,84.4,0.1,100,4.17,rain,0,0,46.4,37.1,149.6,1009,69.1,13.5,299.9,26,10,30,2023-11-06T05:40:28,2023-11-06T18:09:12,0.76,"Rain, Partially cloudy",Partly cloudy throughout the day with early morning rain.,rain,"92035099999,remote,AYPY"
Papua New Guinea,2023-11-07,30,23.5,26.7,36.3,23.5,28.6,23.6,83.8,0.3,100,4.17,rain,0,0,46.4,37.1,152.7,1008.8,73.6,15.4,293.8,25.3,10,30,2023-11-07T05:40:18,2023-11-07T18:09:28,0.8,"Rain, Partially cloudy",Partly cloudy throughout the day with afternoon rain.,rain,"92035099999,remote,AYPY"
Papua New Guinea,2023-11-08,30.9,23.5,26.6,36.3,23.5,28.5,23.2,82.3,0.1,100,4.17,rain,0,0,55.4,37.1,149.2,1009,56.7,13.8,307.4,26.4,10,10,2023-11-08T05:40:08,2023-11-08T18:09:44,0.83,"Rain, Partially cloudy",Partly cloudy throughout the day with early morning rain.,rain,"92035099999,remote,AYPY"
Papua New Guinea,2023-11-09,31,23,26.8,35.5,23,28.3,22.3,77.2,0,0,0,,0,0,46.4,27.7,152.5,1010,54.5,15.1,300.7,26,10,10,2023-11-09T05:39:59,2023-11-09T18:10:01,0.86,Partially cloudy,Partly cloudy throughout the day.,partly-cloudy-day,"92035099999,remote,AYPY"
Papua New Guinea,2023-11-10,31,22,26,33.8,22,26.9,21.5,77.3,0,0,0,,0,0,23.8,27.7,146.3,1011.2,49.5,14.4,292,25.4,10,10,2023-11-10T05:39:51,2023-11-10T18:10:19,0.89,Partially cloudy,Partly cloudy throughout the day.,partly-cloudy-day,"92035099999,remote,AYPY"
Papua New Guinea,2023-11-11,30,22,25.9,34.2,22,26.9,21.5,78.1,0,0,0,,0,0,27.7,27.7,154.9,1012.4,55.6,15.4,312.3,27.2,10,10,2023-11-11T05:39:45,2023-11-11T18:10:38,0.93,Partially cloudy,Partly cloudy throughout the day.,partly-cloudy-day,"92035099999,remote,AYPY"
Papua New Guinea,2023-11-12,31,21,25.8,33.3,21,26.7,21,76.5,0,0,0,rain,0,0,27.7,18.4,157.4,1011.9,41.9,13.5,321.8,27.7,10,10,2023-11-12T05:39:39,2023-11-12T18:10:57,0.96,Partially cloudy,Partly cloudy throughout the day.,partly-cloudy-day,"92035099999,remote,AYPY"
Papua New Guinea,2023-11-13,31,22,25.9,34.4,22,27,21.3,77.5,0.1,100,4.17,rain,0,0,27.7,27.7,175.3,1010.7,41.5,11.2,323.8,28,10,10,2023-11-13T05:39:34,2023-11-13T18:11:17,0,"Rain, Partially cloudy",Partly cloudy throughout the day with late afternoon rain.,rain,"92035099999,remote,AYPY"
Papua New Guinea,2023-11-14,31,21,26,35.4,21,27,21.6,78.3,0,0,0,,0,0,27.7,27.7,163,1010.8,38.4,12.9,325.4,28.1,10,10,2023-11-14T05:39:31,2023-11-14T18:11:37,0.02,Partially cloudy,Partly cloudy throughout the day.,partly-cloudy-day,"remote,AYPY"
Papua New Guinea,2023-11-15,32,22,26.9,35.7,22,28.8,22.4,77.6,0.1,100,4.17,rain,0,0,37.1,22.3,155,1010.9,49.1,13.5,324.6,28.1,10,10,2023-11-15T05:39:28,2023-11-15T18:11:58,0.06,"Rain, Partially cloudy",Partly cloudy throughout the day with late afternoon rain.,rain,"remote,AYPY"
Papua New Guinea,2023-11-16,28.4,23,25.6,30.8,23,26.4,21.8,80.1,0,0,0,,0,0,25.6,20.9,153.4,1011.1,44.2,21.2,315.8,27.3,10,10,2023-11-16T05:39:26,2023-11-16T18:12:20,0.1,Partially cloudy,Partly cloudy throughout the day.,partly-cloudy-day,"remote,AYPY"
